tid,is_subtechnique,name,description,platforms,tactics,detection,data_sources,url,stix_id
T1398,no,Boot or Logon Initialization Scripts,Adversaries may use scripts automatically executed at boot or logon initialization to establish persistence. Initialization scripts are part of the underlying operating system and are not accessible to the user unless the device has been rooted or jailbroken.,Android;iOS,persistence,"On Android, Verified Boot can detect unauthorized modifications to the system partition.(Citation: Android-VerifiedBoot) Android's SafetyNet API provides remote attestation capabilities, which could potentially be used to identify and respond to compromise devices. Samsung Knox provides a similar remote attestation capability on supported Samsung devices.",,https://attack.mitre.org/techniques/T1398,attack-pattern--46d818a5-67fa-4585-a7fc-ecf15376c8d5
T1399,no,Modify Trusted Execution Environment,"If an adversary can escalate privileges, he or she may be able to use those privileges to place malicious code in the device's Trusted Execution Environment (TEE) or other similar isolated execution environment where the code can evade detection, may persist after device resets, and may not be removable by the device user. Running code within the TEE may provide an adversary with the ability to monitor or tamper with overall device behavior.(Citation: Roth-Rootkits)",Android,defense-evasion;persistence,Devices may perform cryptographic integrity checks of code running within the TEE at boot time.  iOS devices will fail to boot if the software running within the Secure Enclave does not pass signature verification.(Citation: Apple-iOSSecurityGuide),,https://attack.mitre.org/techniques/T1399,attack-pattern--f1c3d071-0c24-483d-aca0-e8b8496ce468
T1400,no,Modify System Partition,"If an adversary can escalate privileges, he or she may be able to use those privileges to place malicious code in the device system partition, where it may persist after device resets and may not be easily removed by the device user.  Many Android devices provide the ability to unlock the bootloader for development purposes. An unlocked bootloader may provide the ability for an adversary to modify the system partition. Even if the bootloader is locked, it may be possible for an adversary to escalate privileges and then modify the system partition.",Android;iOS,defense-evasion;impact;persistence,Android devices with the Verified Boot capability (Citation: Android-VerifiedBoot) perform cryptographic checks of the integrity of the system partition.  The Android SafetyNet API's remote attestation capability could potentially be used to identify and respond to compromised devices.  Samsung KNOX also provides a remote attestation capability on supported Samsung Android devices.  iOS devices will fail to boot or fail to allow device activation if unauthorized modifications are detected.(Citation: Apple-iOSSecurityGuide),,https://attack.mitre.org/techniques/T1400,attack-pattern--c5089859-b21f-40a3-8be4-63e381b8b1c0
T1401,no,Device Administrator Permissions,"Adversaries may request device administrator permissions to perform malicious actions.  By abusing the device administration API, adversaries can perform several nefarious actions, such as resetting the device’s password for [Device Lockout](https://attack.mitre.org/techniques/T1446), factory resetting the device to [Delete Device Data](https://attack.mitre.org/techniques/T1447) and any traces of the malware, disabling all of the device’s cameras, or make it more difficult to uninstall the app.(Citation: Android DeviceAdminInfo)  Device administrators must be approved by the user at runtime, with a system popup showing which of the actions have been requested by the app. In conjunction with other techniques, such as [Input Injection](https://attack.mitre.org/techniques/T1516), an app can programmatically grant itself administrator permissions without any user input.",Android,privilege-escalation,Users can see when an app requests device administrator permissions. Users can also view which apps have device administrator permissions in the settings menu.,,https://attack.mitre.org/techniques/T1401,attack-pattern--82f04b1e-5371-4a6f-be06-411f0f43b483
T1402,no,Broadcast Receivers,"An intent is a message passed between Android application or system components. Applications can register to receive broadcast intents at runtime, which are system-wide intents delivered to each app when certain events happen on the device, such as network changes or the user unlocking the screen. Malicious applications can then trigger certain actions within the app based on which broadcast intent was received.  Further, malicious applications can register for intents broadcasted by other applications in addition to the Android system itself. This allows the malware to respond based on actions in other applications. This behavior typically indicates a more intimate knowledge, or potentially the targeting of specific devices, users, or applications.  In Android 8 (API level 26), broadcast intent behavior was changed, limiting the implicit intents that applications can register for in the manifest. In most cases, applications that register through the manifest will no longer receive the broadcasts. Now, applications must register context-specific broadcast receivers while the user is actively using the app.(Citation: Android Changes to System Broadcasts)",Android,execution;persistence,Broadcast intent receivers are part of standard OS-level APIs and are therefore typically undetectable to the end user.,,https://attack.mitre.org/techniques/T1402,attack-pattern--bd4d32f5-eed4-4018-a649-40b229dd1d69
T1403,no,Modify Cached Executable Code,"ART (the Android Runtime) compiles optimized code on the device itself to improve performance. An adversary may be able to use escalated privileges to modify the cached code in order to hide malicious behavior. Since the code is compiled on the device, it may not receive the same level of integrity checks that are provided to code running in the system partition.(Citation: Sabanal-ART)",Android,persistence,"Modifications to cached executable code can be difficult to detect, and therefore enterprises may be better served focusing on detection at other stages of adversary behavior.",,https://attack.mitre.org/techniques/T1403,attack-pattern--88932a8c-3a17-406f-9431-1da3ff19f6d6
T1404,no,Exploitation for Privilege Escalation,"Adversaries may exploit software vulnerabilities in order to elevate privileges. Exploitation of a software vulnerability occurs when an adversary takes advantage of a programming error in an application, service, within the operating system software, or kernel itself to execute adversary-controlled code. Security constructions, such as permission levels, will often hinder access to information and use of certain techniques. Adversaries will likely need to perform privilege escalation to include use of software exploitation to circumvent those restrictions.   When initially gaining access to a device, an adversary may be operating within a lower privileged process which will prevent them from accessing certain resources on the system. Vulnerabilities may exist, usually in operating system components and applications running at higher permissions, that can be exploited to gain higher levels of access on the system. This could enable someone to move from unprivileged or user- level permission to root permissions depending on the component that is vulnerable.",Android;iOS,privilege-escalation,Mobile security products can potentially utilize device APIs to determine if a device has been rooted or jailbroken.  Application vetting services could potentially determine if an application contains code designed to exploit vulnerabilities.,,https://attack.mitre.org/techniques/T1404,attack-pattern--351c0927-2fc1-4a2c-ad84-cbbee7eb8172
T1405,no,Exploit TEE Vulnerability,"A malicious app or other attack vector could be used to exploit vulnerabilities in code running within the Trusted Execution Environment (TEE) (Citation: Thomas-TrustZone). The adversary could then obtain privileges held by the TEE potentially including the ability to access cryptographic keys or other sensitive data (Citation: QualcommKeyMaster). Escalated operating system privileges may be first required in order to have the ability to attack the TEE (Citation: EkbergTEE). If not, privileges within the TEE can potentially be used to exploit the operating system (Citation: laginimaineb-TEE).",Android,credential-access;privilege-escalation,,,https://attack.mitre.org/techniques/T1405,attack-pattern--ef771e03-e080-43b4-a619-ac6f84899884
T1406,no,Obfuscated Files or Information,"Adversaries may attempt to make a payload or file difficult to discover or analyze by encrypting, encoding, or otherwise obfuscating its contents on the device or in transit. This is common behavior that can be used across different platforms and the network to evade defenses.    Payloads may be compressed, archived, or encrypted in order to avoid detection. These payloads may be used during Initial Access or later to mitigate detection. Portions of files can also be encoded to hide the plaintext strings that would otherwise help defenders with discovery. Payloads may also be split into separate, seemingly benign files that only reveal malicious functionality when reassembled.(Citation: Microsoft MalLockerB)",Android;iOS,defense-evasion,"Dynamic analysis, when used in application vetting, may in some cases be able to identify malicious code in obfuscated or encrypted form by detecting the code at execution time (after it is deobfuscated or decrypted). Some application vetting techniques apply reputation analysis of the application developer and can alert to potentially suspicious applications without actual examination of application code.",,https://attack.mitre.org/techniques/T1406,attack-pattern--d13fa042-8f26-44e1-a2a8-af0bf8e2ac9a
T1406.001,yes,Steganography,"Adversaries may use steganography techniques in order to prevent the detection of hidden information. Steganographic techniques can be used to hide data in digital media such as images, audio tracks, video clips, or text files.",Android,defense-evasion,Detection of steganography is difficult unless detectable artifacts with a known signature are left behind by the obfuscation process. Look for strings are other signatures left in system artifacts related to decoding steganography.,,https://attack.mitre.org/techniques/T1406/001,attack-pattern--fa801609-ca8e-415e-815e-65f3826ff4df
T1406.002,yes,Software Packing,"Adversaries may perform software packing to conceal their code. Software packing is a method of compressing or encrypting an executable. Packing an executable changes the file signature in an attempt to avoid signature-based detection. Most decompression techniques decompress the executable code in memory.   Utilities used to perform software packing are called packers. An example packer is FTT. A more comprehensive list of known packers is available, but adversaries may create their own packing techniques that do not leave the same artifacts as well-known packers to evade defenses.",iOS;Android,defense-evasion,"Application vetting services could look for known software packers or artifacts of packing techniques. Packing is not a definitive indicator of malicious activity, because as legitimate software may use packing techniques to reduce binary size or to protect proprietary code.",,https://attack.mitre.org/techniques/T1406/002,attack-pattern--51636761-2e35-44bf-9e56-e337adf97174
T1407,no,Download New Code at Runtime,"Adversaries may download and execute dynamic code not included in the original application package after installation. This technique is primarily used to evade static analysis checks and pre-publication scans in official app stores. In some cases, more advanced dynamic or behavioral analysis techniques could detect this behavior. However, in conjunction with [Execution Guardrails](https://attack.mitre.org/techniques/T1627) techniques, detecting malicious code downloaded after installation could be difficult.  On Android, dynamic code could include native code, Dalvik code, or JavaScript code that utilizes Android WebView’s `JavascriptInterface` capability.   On iOS, dynamic code could be downloaded and executed through 3rd party libraries such as JSPatch. (Citation: FireEye-JSPatch)",Android;iOS,defense-evasion,"Existing network infrastructure may detect network calls to known malicious domains or the transfer of malicious payloads over the network. Mobile security products may provide URL inspection services that could determine if a domain being visited is malicious. Application vetting services could look for indications that the application downloads and executes new code at runtime (e.g., on Android, use of `DexClassLoader`, `System.load`, or the WebView `JavaScriptInterface` capability; on iOS, use of JSPatch or similar capabilities). Unfortunately, this is only a partial mitigation, as additional scrutiny would still need to be applied to applications that use these techniques. These techniques are often used without malicious intent, and  applications may employ other techniques to hide their use of these techniques.",,https://attack.mitre.org/techniques/T1407,attack-pattern--6c49d50f-494d-4150-b774-a655022d20a6
T1408,no,Disguise Root/Jailbreak Indicators,"An adversary could use knowledge of the techniques used by security software to evade detection(Citation: Brodie)(Citation: Tan). For example, some mobile security products perform compromised device detection by searching for particular artifacts such as an installed ""su"" binary, but that check could be evaded by naming the binary something else. Similarly, polymorphic code techniques could be used to evade signature-based detection(Citation: Rastogi).",Android;iOS,defense-evasion,,,https://attack.mitre.org/techniques/T1408,attack-pattern--b332a960-3c04-495a-827f-f17a5daed3a6
T1409,no,Stored Application Data,"Adversaries may try to access and collect application data resident on the device. Adversaries often target popular applications, such as Facebook, WeChat, and Gmail.(Citation: SWB Exodus March 2019)      Due to mobile OS sandboxing, this technique is only possible in three scenarios:      * An application stores files in unprotected external storage  * An application stores files in its internal storage directory with insecure permissions (e.g. 777)  * The adversary gains root permissions on the device",Android;iOS,collection,"Application vetting services could detect when applications store data insecurely, for example, in unprotected external storage.",,https://attack.mitre.org/techniques/T1409,attack-pattern--702055ac-4e54-4ae9-9527-e23a38e0b160
T1410,no,Network Traffic Capture or Redirection,"An adversary may capture network traffic to and from the device to obtain credentials or other sensitive data, or redirect network traffic to flow through an adversary-controlled gateway to do the same.  A malicious app could register itself as a VPN client on Android or iOS to gain access to network packets. However, on both platforms, the user must grant consent to the app to act as a VPN client, and on iOS the app requires a special entitlement that must be granted by Apple.  Alternatively, if a malicious app is able to escalate operating system privileges, it may be able to use those privileges to gain access to network traffic.  An adversary could redirect network traffic to an adversary-controlled gateway by establishing a VPN connection or by manipulating the device's proxy settings. For example, Skycure (Citation: Skycure-Profiles) describes the ability to redirect network traffic by installing a malicious iOS Configuration Profile.  If applications encrypt their network traffic, sensitive data may not be accessible to an adversary, depending on the point of capture.",Android;iOS,collection;credential-access,On both Android and iOS the user must grant consent to an app to act as a VPN. Both platforms also provide visual context to the user in the top status bar when a VPN connection is in place.,,https://attack.mitre.org/techniques/T1410,attack-pattern--3b0b604f-10db-41a0-b54c-493124d455b9
T1411,no,Input Prompt,"The operating system and installed applications often have legitimate needs to prompt the user for sensitive information such as account credentials, bank account information, or Personally Identifiable Information (PII). Adversaries may mimic this functionality to prompt users for sensitive information.  Compared to traditional PCs, the constrained display size of mobile devices may impair the ability to provide users with contextual information, making users more susceptible to this technique’s use.(Citation: Felt-PhishingOnMobileDevices)  Specific approaches to this technique include:  ### Impersonate the identity of a legitimate application  A malicious application could impersonate the identity of a legitimate application (e.g. use the same application name and/or icon) and get installed on the device. The malicious app could then prompt the user for sensitive information.(Citation: eset-finance)  ### Display a prompt on top of a running legitimate application  A malicious application could display a prompt on top of a running legitimate application to trick users into entering sensitive information into the malicious application rather than the legitimate application. Typically, the malicious application would need to know when the targeted application (and individual activity within the targeted application) is running in the foreground, so that the malicious application knows when to display its prompt. Android 5.0 and 5.1.1, respectively, increased the difficulty of determining the current foreground application through modifications to the `ActivityManager` API.(Citation: Android-getRunningTasks)(Citation: StackOverflow-getRunningAppProcesses). A malicious application can still abuse Android’s accessibility features to determine which application is currently in the foreground.(Citation: ThreatFabric Cerberus) Approaches to display a prompt include:  * A malicious application could start a new activity on top of a running legitimate application.(Citation: Felt-PhishingOnMobileDevices)(Citation: Hassell-ExploitingAndroid) Android 10 places new restrictions on the ability for an application to start a new activity on top of another application, which may make it more difficult for adversaries to utilize this technique.(Citation: Android Background) * A malicious application could create an application overlay window on top of a running legitimate application. Applications must hold the `SYSTEM_ALERT_WINDOW` permission to create overlay windows. This permission is handled differently than typical Android permissions, and at least under certain conditions is automatically granted to applications installed from the Google Play Store.(Citation: Cloak and Dagger)(Citation: NowSecure Android Overlay)(Citation: Skycure-Accessibility) The `SYSTEM_ALERT_WINDOW` permission and its associated ability to create application overlay windows are expected to be deprecated in a future release of Android in favor of a new API.(Citation: XDA Bubbles)  ### Fake device notifications  A malicious application could send fake device notifications to the user. Clicking on the device notification could trigger the malicious application to display an input prompt.(Citation: Group IB Gustuff Mar 2019)",Android;iOS,credential-access,The user can view and manage which applications hold the SYSTEM_ALERT_WINDOW permission to create overlay windows on top of other apps through the device settings in Apps & notifications -> Special app access -> Display over other apps (the exact menu location may vary between Android versions).,,https://attack.mitre.org/techniques/T1411,attack-pattern--3dd58c80-4c2e-458c-9503-1b2cd273c4d2
T1412,no,Capture SMS Messages,"A malicious application could capture sensitive data sent via SMS, including authentication credentials. SMS is frequently used to transmit codes used for multi-factor authentication.  On Android, a malicious application must request and obtain permission (either at app install time or run time) in order to receive SMS messages. Alternatively, a malicious application could attempt to perform an operating system privilege escalation attack to bypass the permission requirement.  On iOS, applications cannot access SMS messages in normal operation, so an adversary would need to attempt to perform an operating system privilege escalation attack to potentially be able to access SMS messages.",Android;iOS,collection;credential-access,"On Android, the user can view which applications have permission to access SMS messages through the device settings, and the user can choose to revoke the permission.",,https://attack.mitre.org/techniques/T1412,attack-pattern--e8b4e1ec-8e3b-484c-9038-4459b1ed8060
T1413,no,Access Sensitive Data in Device Logs,"On versions of Android prior to 4.1, an adversary may use a malicious application that holds the READ_LOGS permission to obtain private keys, passwords, other credentials, or other sensitive data stored in the device's system log. On Android 4.1 and later, an adversary would need to attempt to perform an operating system privilege escalation attack to be able to access the log.",Android,collection;credential-access,,,https://attack.mitre.org/techniques/T1413,attack-pattern--29e07491-8947-43a3-8d4e-9a787c45f3d3
T1414,no,Clipboard Data,"Adversaries may abuse clipboard manager APIs to obtain sensitive information copied to the device clipboard. For example, passwords being copied and pasted from a password manager application could be captured by a malicious application installed on the device.(Citation: Fahl-Clipboard)      On Android, applications can use the `ClipboardManager.OnPrimaryClipChangedListener()` API to register as a listener and monitor the clipboard for changes. However, starting in Android 10, this can only be used if the application is in the foreground, or is set as the device’s default input method editor (IME).(Citation: Github Capture Clipboard 2019)(Citation: Android 10 Privacy Changes)      On iOS, this can be accomplished by accessing the `UIPasteboard.general.string` field. However, starting in iOS 14, upon accessing the clipboard, the user will be shown a system notification if the accessed text originated in a different application. For example, if the user copies the text of an iMessage from the Messages application, the notification will read “application_name has pasted from Messages” when the text was pasted in a different application.(Citation: UIPPasteboard)",Android;iOS,collection;credential-access,Application vetting services could detect usage of standard clipboard APIs.,,https://attack.mitre.org/techniques/T1414,attack-pattern--c4b96c0b-cb58-497a-a1c2-bb447d79d692
T1415,no,URL Scheme Hijacking,"An iOS application may be able to maliciously claim a URL scheme, allowing it to intercept calls that are meant for a different application(Citation: FireEye-Masque2)(Citation: Dhanjani-URLScheme). This technique, for example, could be used to capture OAuth authorization codes(Citation: IETF-PKCE) or to phish user credentials(Citation: MobileIron-XARA).",iOS,credential-access,,,https://attack.mitre.org/techniques/T1415,attack-pattern--8f142a25-f6c3-4520-bd50-2ae3ab50ed3e
T1416,no,URI Hijacking,"Adversaries may register Uniform Resource Identifiers (URIs) to intercept sensitive data.  Applications regularly register URIs with the operating system to act as a response handler for various actions, such as logging into an app using an external account via single sign-on. This allows redirections to that specific URI to be intercepted by the application. If a malicious application were to register for a URI that was already in use by a genuine application, the malicious application may be able to intercept data intended for the genuine application or perform a phishing attack against the genuine application. Intercepted data may include OAuth authorization codes or tokens that could be used by the malicious application to gain access to resources.(Citation: Trend Micro iOS URL Hijacking)(Citation: IETF-PKCE)",Android;iOS,credential-access,"On Android, users may be presented with a popup to select the appropriate application to open the URI in. If the user sees an application they do not recognize, they can remove it.",,https://attack.mitre.org/techniques/T1416,attack-pattern--77e30eee-fd48-40b4-99ec-73e97c158b58
T1417,no,Input Capture,"Adversaries may use methods of capturing user input to obtain credentials or collect information. During normal device usage, users often provide credentials to various locations, such as login pages/portals or system dialog boxes. Input capture mechanisms may be transparent to the user (e.g. [Keylogging](https://attack.mitre.org/techniques/T1417/001)) or rely on deceiving the user into providing input into what they believe to be a genuine application prompt (e.g. [GUI Input Capture](https://attack.mitre.org/techniques/T1417/002)).",Android;iOS,collection;credential-access,Application vetting services can look for applications requesting the permissions granting access to accessibility services or application overlay. Users can view and manage installed third-party keyboards.,,https://attack.mitre.org/techniques/T1417,attack-pattern--a8c31121-852b-46bd-9ba4-674ae5afe7ad
T1417.001,yes,Keylogging,"Adversaries may log user keystrokes to intercept credentials or other information from the user as the user types them.  Some methods of keylogging include:  * Masquerading as a legitimate third-party keyboard to record user keystrokes.(Citation: Zeltser-Keyboard) On both Android and iOS, users must explicitly authorize the use of third-party keyboard apps. Users should be advised to use extreme caution before granting this authorization when it is requested. * Abusing accessibility features. On Android, adversaries may abuse accessibility features to record keystrokes by registering an `AccessibilityService` class, overriding the `onAccessibilityEvent` method, and listening for the `AccessibilityEvent.TYPE_VIEW_TEXT_CHANGED` event type. The event object passed into the function will contain the data that the user typed.  *Additional methods of keylogging may be possible if root access is available.",Android;iOS,collection;credential-access,"On Android, users can view and manage which applications have third-party keyboard access through the device settings in System -> Languages & input -> Virtual keyboard. On iOS, users can view and manage which applications have third-party keyboard access through the device settings in General -> Keyboard.   Application vetting services can look for applications requesting the `android.permission.BIND_ACCESSIBILITY_SERVICE` permission in a service declaration. On Android, users can view and manage which applications can use accessibility services through the device settings in Accessibility. The exact device settings menu locations may vary between operating system versions.",,https://attack.mitre.org/techniques/T1417/001,attack-pattern--b1c95426-2550-4621-8028-ceebf28b3a47
T1417.002,yes,GUI Input Capture,"Adversaries may mimic common operating system GUI components to prompt users for sensitive information with a seemingly legitimate prompt. The operating system and installed applications often have legitimate needs to prompt the user for sensitive information such as account credentials, bank account information, or Personally Identifiable Information (PII). Compared to traditional PCs, the constrained display size of mobile devices may impair the ability to provide users with contextual information, making users more susceptible to this technique’s use.(Citation: Felt-PhishingOnMobileDevices)  There are several approaches adversaries may use to mimic this functionality. Adversaries may impersonate the identity of a legitimate application (e.g. use the same application name and/or icon) and, when installed on the device, may prompt the user for sensitive information.(Citation: eset-finance) Adversaries may also send fake device notifications to the user that may trigger the display of an input prompt when clicked.(Citation: Group IB Gustuff Mar 2019)   Additionally, adversaries may display a prompt on top of a running, legitimate application to trick users into entering sensitive information into a malicious application rather than the legitimate application. Typically, adversaries need to know when the targeted application and the individual activity within the targeted application is running in the foreground to display the prompt at the proper time. Adversaries can abuse Android’s accessibility features to determine which application is currently in the foreground.(Citation: ThreatFabric Cerberus) Two known approaches to displaying a prompt include:  * Adversaries start a new activity on top of a running legitimate application.(Citation: Felt-PhishingOnMobileDevices)(Citation: Hassell-ExploitingAndroid) Android 10 places new restrictions on the ability for an application to start a new activity on top of another application, which may make it more difficult for adversaries to utilize this technique.(Citation: Android Background) * Adversaries create an application overlay window on top of a running legitimate application. Applications must hold the `SYSTEM_ALERT_WINDOW` permission to create overlay windows. This permission is handled differently than typical Android permissions and, at least under certain conditions, is automatically granted to applications installed from the Google Play Store.(Citation: Cloak and Dagger)(Citation: NowSecure Android Overlay)(Citation: Skycure-Accessibility) The `SYSTEM_ALERT_WINDOW` permission and its associated ability to create application overlay windows are expected to be deprecated in a future release of Android in favor of a new API.(Citation: XDA Bubbles)",Android;iOS,collection;credential-access,Android users can view and manage which applications hold the `SYSTEM_ALERT_WINDOW` permission through the device settings in Apps & notifications -> Special app access -> Display over other apps (the exact menu location may vary between Android versions).   Application vetting services can look for applications requesting the `android.permission.SYSTEM_ALERT_WINDOW` permission in the list of permissions in the app manifest.,,https://attack.mitre.org/techniques/T1417/002,attack-pattern--4c58b7c6-a839-4789-bda9-9de33e4d4512
T1418,no,Software Discovery,"Adversaries may attempt to get a listing of applications that are installed on a device. Adversaries may use the information from [Software Discovery](https://attack.mitre.org/techniques/T1418) during automated discovery to shape follow-on behaviors, including whether or not to fully infect the target and/or attempts specific actions.      Adversaries may attempt to enumerate applications for a variety of reasons, such as figuring out what security measures are present or to identify the presence of target applications.",Android;iOS,discovery,"Application vetting services could look for the Android permission `android.permission.QUERY_ALL_PACKAGES`, and apply extra scrutiny to applications that request it. On iOS, application vetting services could look for usage of the private API `LSApplicationWorkspace` and apply extra scrutiny to applications that employ it.",,https://attack.mitre.org/techniques/T1418,attack-pattern--198ce408-1470-45ee-b47f-7056050d4fc2
T1418.001,yes,Security Software Discovery,"Adversaries may attempt to get a listing of security applications and configurations that are installed on a device. This may include things such as mobile security products. Adversaries may use the information from [Security Software Discovery](https://attack.mitre.org/techniques/T1418/001) during automated discovery to shape follow-on behaviors, including whether or not to fully infect the target and/or attempt specific actions.",Android;iOS,discovery,"Application vetting services could look for the Android permission `android.permission.QUERY_ALL_PACKAGES`, and apply extra scrutiny to applications that request it. On iOS, application vetting services could look for usage of the private API `LSApplicationWorkspace` and apply extra scrutiny to applications that employ it.",,https://attack.mitre.org/techniques/T1418/001,attack-pattern--1d44f529-6fe6-489f-8a01-6261ac43f05e
T1419,no,Device Type Discovery,"On Android, device type information is accessible to apps through the android.os.Build class (Citation: Android-Build). Device information could be used to target privilege escalation exploits.",Android,discovery,,,https://attack.mitre.org/techniques/T1419,attack-pattern--89fcd02f-62dc-40b9-a54b-9ac4b1baef05
T1420,no,File and Directory Discovery,"Adversaries may enumerate files and directories or search in specific device locations for desired information within a filesystem. Adversaries may use the information from [File and Directory Discovery](https://attack.mitre.org/techniques/T1420) during automated discovery to shape follow-on behaviors, including deciding if the adversary should fully infect the target and/or attempt specific actions.   On Android, Linux file permissions and SELinux policies typically stringently restrict what can be accessed by apps without taking advantage of a privilege escalation exploit. The contents of the external storage directory are generally visible, which could present concerns if sensitive data is inappropriately stored there. iOS's security architecture generally restricts the ability to perform any type of [File and Directory Discovery](https://attack.mitre.org/techniques/T1420) without use of escalated privileges.",Android;iOS,discovery,"On Android, users are presented with a permissions popup when an application requests access to external device storage.",,https://attack.mitre.org/techniques/T1420,attack-pattern--cf28ca46-1fd3-46b4-b1f6-ec0b72361848
T1421,no,System Network Connections Discovery,"Adversaries may attempt to get a listing of network connections to or from the compromised device they are currently accessing or from remote systems by querying for information over the network.      This is typically accomplished by utilizing device APIs to collect information about nearby networks, such as Wi-Fi, Bluetooth, and cellular tower connections. On Android, this can be done by querying the respective APIs:      * `WifiInfo` for information about the current Wi-Fi connection, as well as nearby Wi-Fi networks. Querying the `WiFiInfo` API requires the application to hold the `ACCESS_FINE_LOCATION` permission.   * `BluetoothAdapter` for information about Bluetooth devices, which also requires the application to hold several permissions granted by the user at runtime.   * For Android versions prior to Q, applications can use the `TelephonyManager.getNeighboringCellInfo()` method. For Q and later, applications can use the `TelephonyManager.getAllCellInfo()` method. Both methods require the application hold the `ACCESS_FINE_LOCATION` permission.",Android,discovery,"System Network Connections Discovery can be difficult to detect, and therefore enterprises may be better served focusing on detection at other stages of adversarial behavior.",,https://attack.mitre.org/techniques/T1421,attack-pattern--dd818ea5-adf5-41c7-93b5-f3b839a219fb
T1422,no,System Network Configuration Discovery,"Adversaries may look for details about the network configuration and settings, such as IP and/or MAC addresses, of devices they access or through information discovery of remote systems.   Adversaries may use the information from [System Network Configuration Discovery](https://attack.mitre.org/techniques/T1422) during automated discovery to shape follow-on behaviors, including determining certain access within the target network and what actions to do next.   On Android, details of onboard network interfaces are accessible to apps through the `java.net.NetworkInterface` class.(Citation: NetworkInterface) Previously, the Android `TelephonyManager` class could be used to gather telephony-related device identifiers, information such as the IMSI, IMEI, and phone number. However, starting with Android 10, only preloaded, carrier, the default SMS, or device and profile owner applications can access the telephony-related device identifiers.(Citation: TelephonyManager)      On iOS, gathering network configuration information is not possible without root access.      Adversaries may use the information from [System Network Configuration Discovery](https://attack.mitre.org/techniques/T1422) during automated discovery to shape follow-on behaviors, including determining certain access within the target network and what actions to do next.",Android;iOS,discovery,Application vetting services could look for usage of the `READ_PRIVILEGED_PHONE_STATE` Android permission. This could indicate that non-system apps are attempting to access information that they do not have access to.,,https://attack.mitre.org/techniques/T1422,attack-pattern--d4536441-1bcc-49fa-80ae-a596ed3f7ffd
T1422.001,yes,Internet Connection Discovery,"Adversaries may check for Internet connectivity on compromised systems. This may be performed during automated discovery and can be accomplished in numerous ways such as using `adb shell netstat` for Android.(Citation: adb_commands)  Adversaries may use the results and responses from these requests to determine if the mobile devices are capable of communicating with adversary-owned C2 servers before attempting to connect to them. The results may also be used to identify routes, redirectors, and proxy servers.",Android;iOS,discovery,,,https://attack.mitre.org/techniques/T1422/001,attack-pattern--45a5fe76-eda3-4d40-8f22-c186efd6278d
T1422.002,yes,Wi-Fi Discovery,"Adversaries may search for information about Wi-Fi networks, such as network names and passwords, on compromised systems. Adversaries may use Wi-Fi information as part of [Discovery](https://attack.mitre.org/tactics/TA0032) or [Credential Access](https://attack.mitre.org/tactics/TA0031) activity to support both ongoing and future campaigns.",Android;iOS,discovery,,,https://attack.mitre.org/techniques/T1422/002,attack-pattern--be63612f-a48f-44f2-a7a6-1763509fcf80
T1423,no,Network Service Scanning,"Adversaries may attempt to get a listing of services running on remote hosts, including those that may be vulnerable to remote software exploitation. Methods to acquire this information include port scans and vulnerability scans from the mobile device. This technique may take advantage of the mobile device's access to an internal enterprise network either through local connectivity or through a Virtual Private Network (VPN).",Android;iOS,discovery,"Network service scanning can be difficult to detect, and therefore enterprises may be better served focusing on detection at other stages of adversarial behavior.",,https://attack.mitre.org/techniques/T1423,attack-pattern--2de38279-043e-47e8-aaad-1b07af6d0790
T1424,no,Process Discovery,"Adversaries may attempt to get information about running processes on a device. Information obtained could be used to gain an understanding of common software/applications running on devices within a network. Adversaries may use the information from [Process Discovery](https://attack.mitre.org/techniques/T1424) during automated discovery to shape follow-on behaviors, including whether or not the adversary fully infects the target and/or attempts specific actions.      Recent Android security enhancements have made it more difficult to obtain a list of running processes. On Android 7 and later, there is no way for an application to obtain the process list without abusing elevated privileges. This is due to the Android kernel utilizing the `hidepid` mount feature. Prior to Android 7, applications could utilize the `ps` command or examine the `/proc` directory on the device.(Citation: Android-SELinuxChanges)      In iOS, applications have previously been able to use the `sysctl` command to obtain a list of running processes. This functionality has been removed in later iOS versions.",Android;iOS,discovery,"Mobile security products can typically detect rooted devices, which is an indication that Process Discovery is possible. Application vetting could potentially detect when applications attempt to abuse root access or root the system itself. Further, application vetting services could look for attempted usage of legacy process discovery mechanisms, such as the usage of `ps` or inspection of the `/proc` directory.",,https://attack.mitre.org/techniques/T1424,attack-pattern--1b51f5bc-b97a-498a-8dbd-bc6b1901bf19
T1425,no,Insecure Third-Party Libraries,,,,,,https://attack.mitre.org/techniques/T1425,attack-pattern--11bd699b-f2c2-4e48-bf46-fb3f8acd9799
T1426,no,System Information Discovery,"Adversaries may attempt to get detailed information about a device’s operating system and hardware, including versions, patches, and architecture. Adversaries may use the information from [System Information Discovery](https://attack.mitre.org/techniques/T1426) during automated discovery to shape follow-on behaviors, including whether or not to fully infects the target and/or attempts specific actions.      On Android, much of this information is programmatically accessible to applications through the `android.os.Build` class. (Citation: Android-Build) iOS is much more restrictive with what information is visible to applications. Typically, applications will only be able to query the device model and which version of iOS it is running.",Android;iOS,discovery,"System information discovery can be difficult to detect, and therefore enterprises may be better served focusing on detection at other stages of adversarial behavior.",,https://attack.mitre.org/techniques/T1426,attack-pattern--e2ea7f6b-8d4f-49c3-819d-660530d12b77
T1427,no,Attack PC via USB Connection,"With escalated privileges, an adversary could program the mobile device to impersonate USB devices such as input devices (keyboard and mouse), storage devices, and/or networking devices in order to attack a physically connected PC(Citation: Wang-ExploitingUSB)(Citation: ArsTechnica-PoisonTap) This technique has been demonstrated on Android. We are unaware of any demonstrations on iOS.",Android,lateral-movement,,,https://attack.mitre.org/techniques/T1427,attack-pattern--a0464539-e1b7-4455-a355-12495987c300
T1428,no,Exploitation of Remote Services,"Adversaries may exploit remote services of enterprise servers, workstations, or other resources to gain unauthorized access to internal systems once inside of a network. Adversaries may exploit remote services by taking advantage of a mobile device’s access to an internal enterprise network through local connectivity or through a Virtual Private Network (VPN). Exploitation of a software vulnerability occurs when an adversary takes advantage of a programming error in a program, service, or within the operating system software or kernel itself to execute adversary-controlled code. A common goal for post-compromise exploitation of remote services is for lateral movement to enable access to a remote system.   An adversary may need to determine if the remote system is in a vulnerable state, which may be done through [Network Service Scanning](https://attack.mitre.org/techniques/T1423) or other Discovery methods. These look for common, vulnerable software that may be deployed in the network, the lack of certain patches that may indicate vulnerabilities, or security software that may be used to detect or contain remote exploitation. Servers are likely a high value target for lateral movement exploitation, but endpoint systems may also be at risk if they provide an advantage or access to additional resources.  Depending on the permissions level of the vulnerable remote service, an adversary may achieve [Exploitation for Privilege Escalation](https://attack.mitre.org/techniques/T1404) as a result of lateral movement exploitation as well.",Android;iOS,lateral-movement,Detecting software exploitation initiated by a mobile device may be difficult depending on the tools available. Software exploits may not always succeed or may cause the exploited process to become unstable or crash.  Network traffic analysis could reveal patterns of compromise if devices attempt to access unusual targets or resources.   Application vetting may be able to identify applications that perform Discovery or utilize existing connectivity to remotely access hosts within an internal enterprise network.,,https://attack.mitre.org/techniques/T1428,attack-pattern--22379609-a99f-4a01-bd7e-70f3e105859d
T1429,no,Audio Capture,"Adversaries may capture audio to collect information by leveraging standard operating system APIs of a mobile device. Examples of audio information adversaries may target include user conversations, surroundings, phone calls, or other sensitive information.      Android and iOS, by default, require that applications request device microphone access from the user.       On Android devices, applications must hold the `RECORD_AUDIO` permission to access the microphone or the `CAPTURE_AUDIO_OUTPUT` permission to access audio output. Because Android does not allow third-party applications to hold the `CAPTURE_AUDIO_OUTPUT` permission by default, only privileged applications, such as those distributed by Google or the device vendor, can access audio output.(Citation: Android Permissions) However, adversaries may be able to gain this access after successfully elevating their privileges. With the `CAPTURE_AUDIO_OUTPUT` permission, adversaries may pass the `MediaRecorder.AudioSource.VOICE_CALL` constant to `MediaRecorder.setAudioOutput`, allowing capture of both voice call uplink and downlink.(Citation: Manifest.permission)      On iOS devices, applications must include the `NSMicrophoneUsageDescription` key in their `Info.plist` file to access the microphone.(Citation: Requesting Auth-Media Capture)",Android;iOS,collection,"In iOS 14 and up, an orange dot (or orange square if the Differentiate Without Color setting is enabled) appears in the status bar when the microphone is being used by an application. However, there have been demonstrations indicating it may still be possible to access the microphone in the background without triggering this visual indicator by abusing features that natively access the microphone or camera but do not trigger the visual indicators.(Citation: iOS Mic Spyware)   In Android 12 and up, a green dot appears in the status bar when the microphone is being used by an application.(Citation: Android Privacy Indicators)    Android applications using the `RECORD_AUDIO` permission and iOS applications using `RequestRecordPermission` should be carefully reviewed and monitored. If the `CAPTURE_AUDIO_OUTPUT` permission is found in a third-party Android application, the application should be heavily scrutinized.      In both Android (6.0 and up) and iOS, users can review which applications have the permission to access the microphone through the device settings screen and revoke permissions as necessary.",,https://attack.mitre.org/techniques/T1429,attack-pattern--6683aa0c-d98a-4f5b-ac57-ca7e9934a760
T1430,no,Location Tracking,"Adversaries may track a device’s physical location through use of standard operating system APIs via malicious or exploited applications on the compromised device.      On Android, applications holding the `ACCESS_COAURSE_LOCATION` or `ACCESS_FINE_LOCATION` permissions provide access to the device’s physical location. On Android 10 and up, declaration of the `ACCESS_BACKGROUND_LOCATION` permission in an application’s manifest will allow applications to request location access even when the application is running in the background.(Citation: Android Request Location Permissions) Some adversaries have utilized integration of Baidu map services to retrieve geographical location once the location access permissions had been obtained.(Citation: PaloAlto-SpyDealer)(Citation: Palo Alto HenBox)      On iOS, applications must include the `NSLocationWhenInUseUsageDescription`, `NSLocationAlwaysAndWhenInUseUsageDescription`, and/or `NSLocationAlwaysUsageDescription` keys in their `Info.plist` file depending on the extent of requested access to location information.(Citation: Apple Requesting Authorization for Location Services) On iOS 8.0 and up, applications call `requestWhenInUseAuthorization()` to request access to location information when the application is in use or `requestAlwaysAuthorization()` to request access to location information regardless of whether the application is in use. With elevated privileges, an adversary may be able to access location data without explicit user consent with the `com.apple.locationd.preauthorized` entitlement key.(Citation: Google Project Zero Insomnia)",Android;iOS,collection;discovery,"Android applications requesting the `ACCESS_COARSE_LOCATION`, `ACCESS_FINE_LOCATION`, or `ACCESS_BACKGROUND_LOCATION` permissions and iOS applications including the `NSLocationWhenInUseUsageDescription`, `NSLocationAlwaysAndWhenInUseUsageDescription`, and/or `NSLocationAlwaysUsageDescription` keys in their `Info.plist` file could be scrutinized during the application vetting process.      In both Android (6.0 and up) and iOS, users can view which applications have the permission to access the device location through the device settings screen and revoke permissions as necessary.",,https://attack.mitre.org/techniques/T1430,attack-pattern--99e6295e-741b-4857-b6e5-64989eb039b4
T1430.001,yes,Remote Device Management Services,An adversary may use access to cloud services (e.g. Google's Android Device Manager or Apple iCloud's Find my iPhone) or to an enterprise mobility management (EMM)/mobile device management (MDM) server console to track the location of mobile devices managed by the service.(Citation: Krebs-Location),Android;iOS,collection;discovery,"Google sends a notification to the device when Android Device Manager is used to locate it. Additionally, Google provides the ability for users to view their general account activity and alerts users when their credentials have been used on a new device. Apple iCloud also provides notifications to users of account activity such as when credentials have been used.",,https://attack.mitre.org/techniques/T1430/001,attack-pattern--9ef05e3d-52db-4c12-be4f-519214bbe91f
T1430.002,yes,Impersonate SS7 Nodes,"Adversaries may exploit the lack of authentication in signaling system network nodes to track the location of mobile devices by impersonating a node.(Citation: Engel-SS7)(Citation: Engel-SS7-2008)(Citation: 3GPP-Security)(Citation: Positive-SS7)(Citation: CSRIC5-WG10-FinalReport)      By providing the victim’s MSISDN (phone number) and impersonating network internal nodes to query subscriber information from other nodes, adversaries may use data collected from each hop to eventually determine the device’s geographical cell area or nearest cell tower.(Citation: Engel-SS7)",Android;iOS,collection;discovery,"Network carriers may be able to use firewalls, Intrusion Detection Systems (IDS), or Intrusion Prevention Systems (IPS) to detect and/or block SS7 exploitation.(Citation: CSRIC-WG1-FinalReport) The CSRIC also suggests threat information sharing between telecommunications industry members.",,https://attack.mitre.org/techniques/T1430/002,attack-pattern--0f4fb01b-d57a-4375-b7a2-342c9d3248f7
T1431,no,App Delivered via Web Download,,,,,,https://attack.mitre.org/techniques/T1431,attack-pattern--6b846ad0-cc20-4db6-aa34-91561397c5e2
T1432,no,Access Contact List,"An adversary could call standard operating system APIs from a malicious application to gather contact list (i.e., address book) data, or with escalated privileges could directly access files containing contact list data.",Android;iOS,collection,"On both Android (6.0 and up) and iOS, the user can view which applications have permission to access contact list information through the device settings screen, and the user can choose to revoke the permissions.",,https://attack.mitre.org/techniques/T1432,attack-pattern--4e6620ac-c30c-4f6d-918e-fa20cae7c1ce
T1433,no,Access Call Log,"On Android, an adversary could call standard operating system APIs from a malicious application to gather call log data, or with escalated privileges could directly access files containing call log data.  On iOS, applications do not have access to the call log, so privilege escalation would be required in order to access the data.",Android;iOS,collection,"On Android 6.0 and up, the user can view which applications have permission to access call log information through the device settings screen, and the user can choose to revoke the permissions.",,https://attack.mitre.org/techniques/T1433,attack-pattern--79eec66a-9bd0-4a3f-ac82-19159e94bd44
T1434,no,App Delivered via Email Attachment,,,,,,https://attack.mitre.org/techniques/T1434,attack-pattern--1f96d624-8409-4472-ad8a-30618ee6b2e2
T1435,no,Access Calendar Entries,"An adversary could call standard operating system APIs from a malicious application to gather calendar entry data, or with escalated privileges could directly access files containing calendar data.",Android;iOS,collection,"On both Android (6.0 and up) and iOS, the user can view which applications have permission to access calendar information through the device settings screen, and the user can choose to revoke the permissions.",,https://attack.mitre.org/techniques/T1435,attack-pattern--62adb627-f647-498e-b4cc-41499361bacb
T1436,no,Commonly Used Port,Adversaries may communicate over a commonly used port to bypass firewalls or network detection systems and to blend with normal network activity to avoid more detailed inspection.   They may use commonly open ports such as  * TCP:80 (HTTP) * TCP:443 (HTTPS) * TCP:25 (SMTP) * TCP/UDP:53 (DNS)  They may use the protocol associated with the port or a completely different protocol.,Android;iOS,command-and-control;exfiltration,,,https://attack.mitre.org/techniques/T1436,attack-pattern--3911658a-6506-4deb-9ab4-595a51ae71ad
T1437,no,Application Layer Protocol,"Adversaries may communicate using application layer protocols to avoid detection/network filtering by blending in with existing traffic. Commands to the mobile device, and often the results of those commands, will be embedded within the protocol traffic between the mobile device and server.   Adversaries may utilize many different protocols, including those used for web browsing, transferring files, electronic mail, or DNS.",Android;iOS,command-and-control,Abuse of standard application protocols can be difficult to detect as many legitimate mobile applications leverage such protocols for language-specific APIs. Enterprises may be better served focusing on detection at other stages of adversarial behavior.,,https://attack.mitre.org/techniques/T1437,attack-pattern--6a3f6490-9c44-40de-b059-e5940f246673
T1437.001,yes,Web Protocols,"Adversaries may communicate using application layer protocols associated with web protocols traffic to avoid detection/network filtering by blending in with existing traffic. Commands to remote mobile devices, and often the results of those commands, will be embedded within the protocol traffic between the mobile client and server.   Web protocols such as HTTP and HTTPS are used for web traffic as well as well as notification services native to mobile messaging services such as Google Cloud Messaging (GCM) and newly, Firebase Cloud Messaging (FCM), (GCM/FCM: two-way communication) and Apple Push Notification Service (APNS; one-way server-to-device).  Such notification services leverage HTTP/S via the respective API and are commonly abused on Android and iOS respectively in order blend in with routine device traffic making it difficult for enterprises to inspect.",Android;iOS,command-and-control,Abuse of standard application protocols can be difficult to detect as many legitimate mobile applications leverage such protocols for language-specific APIs. Enterprises may be better served focusing on detection at other stages of adversarial behavior.,,https://attack.mitre.org/techniques/T1437/001,attack-pattern--2282a98b-5049-4f61-9381-55baca7c1add
T1438,no,Exfiltration Over Other Network Medium,"Adversaries may attempt to exfiltrate data over a different network medium than the command and control channel. If the command and control network is a standard Internet connection, the exfiltration may occur, for example, via Bluetooth, or another radio frequency (RF) channel.   Adversaries may choose to do this if they have sufficient access or proximity, and the connection might not be secured or defended as well as the primary Internet-connected channel because it is not routed through the same enterprise network.",Android;iOS,command-and-control,"Exfiltration over other network mediums can be difficult to detect, and therefore enterprises may be better served focusing on detection at other stages of adversarial behavior.",,https://attack.mitre.org/techniques/T1438,attack-pattern--b3c2e5de-0941-4b57-ba61-af029eb5517a
T1439,no,Eavesdrop on Insecure Network Communication,"If network traffic between the mobile device and remote servers is unencrypted or is encrypted in an insecure manner, then an adversary positioned on the network can eavesdrop on communication.(Citation: mHealth)",Android;iOS,network-effects,,,https://attack.mitre.org/techniques/T1439,attack-pattern--393e8c12-a416-4575-ba90-19cc85656796
T1440,no,Detect App Analysis Environment,,,,,,https://attack.mitre.org/techniques/T1440,attack-pattern--b765efd1-02e6-4e67-aebf-0fef5c37e54b
T1441,no,Stolen Developer Credentials or Signing Keys,,,,,,https://attack.mitre.org/techniques/T1441,attack-pattern--a21a6a79-f9a1-4c87-aed9-ba2d79536881
T1442,no,Fake Developer Accounts,,,,,,https://attack.mitre.org/techniques/T1442,attack-pattern--e30cc912-7ea1-4683-9219-543b86cbdec9
T1443,no,Remotely Install Application,,,,,,https://attack.mitre.org/techniques/T1443,attack-pattern--831e3269-da49-48ac-94dc-948008e8fd16
T1444,no,Masquerade as Legitimate Application,"An adversary could distribute developed malware by masquerading the malware as a legitimate application. This can be done in two different ways: by embedding the malware in a legitimate application, or by pretending to be a legitimate application.  Embedding the malware in a legitimate application is done by downloading the application, disassembling it, adding the malicious code, and then re-assembling it.(Citation: Zhou) The app would appear to be the original app, but would contain additional malicious functionality. The adversary could then publish the malicious application to app stores or use another delivery method.  Pretending to be a legitimate application relies heavily on lack of scrutinization by the user. Typically, a malicious app pretending to be a legitimate one will have many similar details as the legitimate one, such as name, icon, and description.(Citation: Palo Alto HenBox)  Malicious applications may also masquerade as legitimate applications when requesting access to the accessibility service in order to appear as legitimate to the user, increasing the likelihood that the access will be granted.",Android;iOS,defense-evasion;initial-access,Users can detect malicious applications by watching for nuances that could indicate the application is not the intended one when it is being installed.,,https://attack.mitre.org/techniques/T1444,attack-pattern--a93ccb8f-3996-42e2-b7c7-bb599d4e205f
T1445,no,Abuse of iOS Enterprise App Signing Key,,,,,,https://attack.mitre.org/techniques/T1445,attack-pattern--51aedbd6-2837-4d15-aeb0-cb09f2bf22ac
T1446,no,Device Lockout,"An adversary may seek to lock the legitimate user out of the device, for example to inhibit user interaction or to obtain a ransom payment.  On Android versions prior to 7, apps can abuse Device Administrator access to reset the device lock passcode to prevent the user from unlocking the device. After Android 7, only device or profile owners (e.g. MDMs) can reset the device’s passcode.(Citation: Android resetPassword)  On iOS devices, this technique does not work because mobile device management servers can only remove the screen lock passcode, they cannot set a new passcode. However, on jailbroken devices, malware has been discovered that can lock the user out of the device.(Citation: Xiao-KeyRaider)",Android;iOS,defense-evasion;impact,"On Android, users can review which applications have device administrator access in the device settings, and revoke permission where appropriate.",,https://attack.mitre.org/techniques/T1446,attack-pattern--9d7c32f4-ab39-49dc-8055-8106bc2294a1
T1447,no,Delete Device Data,"Adversaries may wipe a device or delete individual files in order to manipulate external outcomes or hide activity. An application must have administrator access to fully wipe the device, while individual files may not require special permissions to delete depending on their storage location. (Citation: Android DevicePolicyManager 2019)  Stored data could include a variety of file formats, such as Office files, databases, stored emails, and custom file formats. The impact file deletion will have depends on the type of data as well as the goals and objectives of the adversary, but can include deleting update files to evade detection or deleting attacker-specified files for impact.",Android,defense-evasion;impact,"Mobile security products can detect which applications can request device administrator permissions. Users can view applications with administrator access through the device settings, and may also notice if user data is inexplicably missing.",,https://attack.mitre.org/techniques/T1447,attack-pattern--8e27551a-5080-4148-a584-c64348212e4f
T1448,no,Carrier Billing Fraud,"A malicious app may trigger fraudulent charges on a victim’s carrier billing statement in several different ways, including SMS toll fraud and SMS shortcodes that make purchases.  Performing SMS fraud relies heavily upon the fact that, when making SMS purchases, the carriers perform device verification but not user verification. This allows adversaries to make purchases on behalf of the user, with little or no user interaction.(Citation: Google Bread)  Malicious applications may also perform toll billing, which occurs when carriers provide payment endpoints over a web page. The application connects to the web page over cellular data so the carrier can directly verify the number, or the application must retrieve a code sent via SMS and enter it into the web page.(Citation: Google Bread)  On iOS, apps cannot send SMS messages.  On Android, apps must hold the `SEND_SMS` permission to send SMS messages. Additionally, Android version 4.2 and above has mitigations against this threat by requiring user consent before allowing SMS messages to be sent to premium numbers (Citation: AndroidSecurity2014).",Android,impact,"Starting with Android 4.2 the user is prompted and must provide consent before applications can send SMS messages to premium numbers.(Citation: AndroidSecurity2014)  On Android 6.0 and up, the user can view which applications have permission to send SMS messages through the device settings screen, and the user can choose to revoke the permissions.",,https://attack.mitre.org/techniques/T1448,attack-pattern--8f0e39c6-82c9-41ec-9f93-5696c0f2e274
T1449,no,Exploit SS7 to Redirect Phone Calls/SMS,An adversary could exploit signaling system vulnerabilities to redirect calls or text messages (SMS) to a phone number under the attacker's control. The adversary could then act as an adversary-in-the-middle to intercept or manipulate the communication. (Citation: Engel-SS7) (Citation: Engel-SS7-2008) (Citation: 3GPP-Security) (Citation: Positive-SS7) (Citation: CSRIC5-WG10-FinalReport) Interception of SMS messages could enable adversaries to obtain authentication codes used for multi-factor authentication(Citation: TheRegister-SS7).,Android;iOS,network-effects,"Network carriers may be able to use firewalls, Intrusion Detection Systems (IDS), or Intrusion Prevention Systems (IPS) to detect and/or block SS7 exploitation as described by the Communications, Security, Reliability, and Interoperability Council (CSRIC). (Citation: CSRIC5-WG10-FinalReport) The CSRIC also suggests threat information sharing between telecommunications industry members.",,https://attack.mitre.org/techniques/T1449,attack-pattern--fb3fa94a-3aee-4ab0-b7e7-abdf0a51286d
T1450,no,Exploit SS7 to Track Device Location,An adversary could exploit signaling system vulnerabilities to track the location of mobile devices. (Citation: Engel-SS7) (Citation: Engel-SS7-2008) (Citation: 3GPP-Security) (Citation: Positive-SS7) (Citation: CSRIC5-WG10-FinalReport),Android;iOS,network-effects,"Network carriers may be able to use firewalls, Intrusion Detection Systems (IDS), or Intrusion Prevention Systems (IPS) to detect and/or block SS7 exploitation.(Citation: CSRIC-WG1-FinalReport) The CSRIC also suggests threat information sharing between telecommunications industry members.",,https://attack.mitre.org/techniques/T1450,attack-pattern--52651225-0b3a-482d-aa7e-10618fd063b5
T1451,no,SIM Card Swap,"Adversaries may gain access to mobile devices through transfers or swaps from victims’ phone numbers to adversary-controlled SIM cards and mobile devices.(Citation: ATT SIM Swap Scams)(Citation: Verizon SIM Swapping)   The typical process is as follows:    1. Adversaries will first gather information about victims through [Phishing](https://attack.mitre.org/techniques/T1660), social engineering, data breaches, or other avenues.  2. Adversaries will then impersonate victims as they contact mobile carriers to request for the SIM swaps. For example, adversaries would provide victims’ name and address to mobile carriers; once authenticated, adversaries would request for victims’ phone numbers to be transferred to adversary-controlled SIM cards.   3. Once completed, victims will lose mobile data, such as text messages and phone calls, on their mobile devices. In turn, adversaries will receive mobile data that was intended for the victims.    Adversaries may use the intercepted SMS messages to log into online accounts that use SMS-based authentication. Specifically, adversaries may use SMS-based authentication to log into banking and/or cryptocurrency accounts, then transfer funds to adversary-controlled wallets.",Android;iOS,initial-access,,,https://attack.mitre.org/techniques/T1451,attack-pattern--a64a820a-cb21-471f-920c-506a2ff04fa5
T1452,no,Manipulate App Store Rankings or Ratings,An adversary could use access to a compromised device's credentials to attempt to manipulate app store rankings or ratings by triggering application downloads or posting fake reviews of applications. This technique likely requires privileged access (a rooted or jailbroken device).,Android;iOS,impact,,,https://attack.mitre.org/techniques/T1452,attack-pattern--76c12fc8-a4eb-45d6-a3b7-e371a7248f69
T1453,no,Abuse Accessibility Features,"**This technique has been deprecated. Please use [Input Capture](https://attack.mitre.org/techniques/T1417), [Input Injection](https://attack.mitre.org/techniques/T1516), and [Input Prompt](https://attack.mitre.org/techniques/T1411) where appropriate.**  A malicious app could abuse Android's accessibility features to capture sensitive data or perform other malicious actions.(Citation: Skycure-Accessibility)  Adversaries may abuse accessibility features on Android to emulate a user's clicks, for example to steal money from a user's bank account.(Citation: android-trojan-steals-paypal-2fa)(Citation: banking-trojans-google-play)  Adversaries may abuse accessibility features on Android devices to evade defenses by repeatedly clicking the ""Back"" button when a targeted app manager or mobile security app is launched, or when strings suggesting uninstallation are detected in the foreground. This effectively prevents the malicious application from being uninstalled.(Citation: android-trojan-steals-paypal-2fa)",Android,collection;credential-access;defense-evasion;impact,,,https://attack.mitre.org/techniques/T1453,attack-pattern--2204c371-6100-4ae0-82f3-25c07c29772a
T1454,no,Malicious SMS Message,Test,Android,collection,,,https://attack.mitre.org/techniques/T1454,attack-pattern--0bcc4ec1-a897-49a9-a9ff-c00df1d1209d
T1455,no,Exploit Baseband Vulnerability,,,,,,https://attack.mitre.org/techniques/T1455,attack-pattern--c91c304a-975d-4501-9789-0db1c57afd3f
T1456,no,Drive-By Compromise,"Adversaries may gain access to a system through a user visiting a website over the normal course of browsing. With this technique, the user's web browser is typically targeted for exploitation, but adversaries may also use compromised websites for non-exploitation behavior such as acquiring an [Application Access Token](https://attack.mitre.org/techniques/T1550/001).  Multiple ways of delivering exploit code to a browser exist, including:  * A legitimate website is compromised where adversaries have injected some form of malicious code such as JavaScript, iFrames, and cross-site scripting. * Malicious ads are paid for and served through legitimate ad providers. * Built-in web application interfaces are leveraged for the insertion of any other kind of object that can be used to display web content or contain a script that executes on the visiting client (e.g. forum posts, comments, and other user controllable web content).  Often the website used by an adversary is one visited by a specific community, such as government, a particular industry, or region, where the goal is to compromise a specific user or set of users based on a shared interest. This kind of targeted attack is referred to a strategic web compromise or watering hole attack. There are several known examples of this occurring.(Citation: Lookout-StealthMango)  Typical drive-by compromise process:  1. A user visits a website that is used to host the adversary controlled content. 2. Scripts automatically execute, typically searching versions of the browser and plugins for a potentially vulnerable version.      * The user may be required to assist in this process by enabling scripting or active website components and ignoring warning dialog boxes. 3. Upon finding a vulnerable version, exploit code is delivered to the browser. 4. If exploitation is successful, then it will give the adversary code execution on the user's system unless other protections are in place.     * In some cases a second visit to the website after the initial scan is required before exploit code is delivered.",Android;iOS,initial-access,Mobile security products can often alert the user if their device is vulnerable to known exploits.,,https://attack.mitre.org/techniques/T1456,attack-pattern--fd339382-bfec-4bf0-8d47-1caedc9e7e57
T1457,no,Malicious Media Content,,,,,,https://attack.mitre.org/techniques/T1457,attack-pattern--a9cab8f6-4c94-4c9b-9e7d-9d863ff53431
T1458,no,Replication Through Removable Media,"Adversaries may move onto devices by exploiting or copying malware to devices connected via USB. In the case of Lateral Movement, adversaries may utilize the physical connection of a device to a compromised or malicious charging station or PC to bypass application store requirements and install malicious applications directly.(Citation: Lau-Mactans) In the case of Initial Access, adversaries may attempt to exploit the device via the connection to gain access to data stored on the device.(Citation: Krebs-JuiceJacking) Examples of this include:    * Exploiting insecure bootloaders in a Nexus 6 or 6P device over USB and gaining the ability to perform actions including intercepting phone calls, intercepting network traffic, and obtaining the device physical location.(Citation: IBM-NexusUSB)  * Exploiting weakly-enforced security boundaries in Android devices such as the Google Pixel 2 over USB.(Citation: GoogleProjectZero-OATmeal)  * Products from Cellebrite and Grayshift purportedly that can exploit some iOS devices using physical access to the data port to unlock the passcode.(Citation: Computerworld-iPhoneCracking)",Android;iOS,initial-access;lateral-movement,,,https://attack.mitre.org/techniques/T1458,attack-pattern--667e5707-3843-4da8-bd34-88b922526f0d
T1459,no,Device Unlock Code Guessing or Brute Force,,,,,,https://attack.mitre.org/techniques/T1459,attack-pattern--f296fc9c-2ff5-43ee-941e-6b49c438270a
T1460,no,Biometric Spoofing,,,,,,https://attack.mitre.org/techniques/T1460,attack-pattern--45dcbc83-4abc-4de1-b643-e528d1e9df09
T1461,no,Lockscreen Bypass,"An adversary with physical access to a mobile device may seek to bypass the device’s lockscreen. Several methods exist to accomplish this, including:  * Biometric spoofing: If biometric authentication is used, an adversary could attempt to spoof a mobile device’s biometric authentication mechanism. Both iOS and Android partly mitigate this attack by requiring the device’s passcode rather than biometrics to unlock the device after every device restart, and after a set or random amount of time.(Citation: SRLabs-Fingerprint)(Citation: TheSun-FaceID) * Unlock code bypass: An adversary could attempt to brute-force or otherwise guess the lockscreen passcode (typically a PIN or password), including physically observing (“shoulder surfing”) the device owner’s use of the lockscreen passcode. Mobile OS vendors partly mitigate this by implementing incremental backoff timers after a set number of failed unlock attempts, as well as a configurable full device wipe after several failed unlock attempts. * Vulnerability exploit: Techniques have been periodically demonstrated that exploit mobile devices to bypass the lockscreen. The vulnerabilities are generally patched by the device or OS vendor once disclosed.(Citation: Wired-AndroidBypass)(Citation: Kaspersky-iOSBypass)",Android;iOS,initial-access,Users can see if someone is watching them type in their device passcode.,,https://attack.mitre.org/techniques/T1461,attack-pattern--dfe29258-ce59-421c-9dee-e85cb9fa90cd
T1462,no,Malicious Software Development Tools,,,,,,https://attack.mitre.org/techniques/T1462,attack-pattern--b928b94a-4966-4e2a-9e61-36505b896ebc
T1463,no,Manipulate Device Communication,"If network traffic between the mobile device and a remote server is not securely protected, then an attacker positioned on the network may be able to manipulate network communication without being detected. For example, FireEye researchers found in 2014 that 68% of the top 1,000 free applications in the Google Play Store had at least one Transport Layer Security (TLS) implementation vulnerability potentially opening the applications' network traffic to adversary-in-the-middle attacks (Citation: FireEye-SSL).",Android;iOS,network-effects,,,https://attack.mitre.org/techniques/T1463,attack-pattern--d731c21e-f27d-4756-b418-0e2aaabd6d63
T1464,no,Network Denial of Service,"Adversaries may perform Network Denial of Service (DoS) attacks to degrade or block the availability of targeted resources to users. Network DoS can be performed by exhausting the network bandwidth that services rely on, or by jamming the signal going to or coming from devices.   A Network DoS will occur when an adversary is able to jam radio signals (e.g. Wi-Fi, cellular, GPS) around a device to prevent it from communicating. For example, to jam cellular signal, an adversary may use a handheld signal jammer, which jam devices within the jammer’s operational range.(Citation: NIST-SP800187)   Usage of cellular jamming has been documented in several arrests reported in the news.(Citation: CNET-Celljammer)(Citation: NYTimes-Celljam)(Citation: Digitaltrends-Celljam)(Citation: Arstechnica-Celljam)",Android;iOS,impact,Unexpected loss of radio signal could indicate that a device is being actively jammed.,,https://attack.mitre.org/techniques/T1464,attack-pattern--d2e112dc-f6d4-488d-b8df-ecbfb57a0a2d
T1465,no,Rogue Wi-Fi Access Points,"An adversary could set up unauthorized Wi-Fi access points or compromise existing access points and, if the device connects to them, carry out network-based attacks such as eavesdropping on or modifying network communication(Citation: NIST-SP800153)(Citation: Kaspersky-DarkHotel).",Android;iOS,network-effects,,,https://attack.mitre.org/techniques/T1465,attack-pattern--633baf01-6de4-4963-bb54-ff6c6357bed3
T1466,no,Downgrade to Insecure Protocols,"An adversary could cause the mobile device to use less secure protocols, for example by jamming frequencies used by newer protocols such as LTE and only allowing older protocols such as GSM to communicate(Citation: NIST-SP800187). Use of less secure protocols may make communication easier to eavesdrop upon or manipulate.",Android;iOS,network-effects,,,https://attack.mitre.org/techniques/T1466,attack-pattern--f58cd69a-e548-478b-9248-8a9af881dc34
T1467,no,Rogue Cellular Base Station,An adversary could set up a rogue cellular base station and then use it to eavesdrop on or manipulate cellular device communication. A compromised cellular femtocell could be used to carry out this technique(Citation: Computerworld-Femtocell).,Android;iOS,network-effects,,,https://attack.mitre.org/techniques/T1467,attack-pattern--a5de0540-73e7-4c67-96da-4143afedc7ed
T1468,no,Remotely Track Device Without Authorization,An adversary who is able to obtain unauthorized access to or misuse authorized access to cloud services (e.g. Google's Android Device Manager or Apple iCloud's Find my iPhone) or to an enterprise mobility management (EMM) / mobile device management (MDM) server console could use that access to track mobile devices.(Citation: Krebs-Location),Android;iOS,remote-service-effects,"Google sends a notification to the device when Android Device Manager is used to locate it. Additionally, Google provides the ability for users to view their general account activity. Apple iCloud also provides notifications to users of account activity.",,https://attack.mitre.org/techniques/T1468,attack-pattern--6f86d346-f092-4abc-80df-8558a90c426a
T1469,no,Remotely Wipe Data Without Authorization,An adversary who is able to obtain unauthorized access to or misuse authorized access to cloud services (e.g. Google's Android Device Manager or Apple iCloud's Find my iPhone) or to an EMM console could use that access to wipe enrolled devices (Citation: Honan-Hacking).,Android;iOS,remote-service-effects,Google provides the ability for users to view their general account activity. Apple iCloud also provides notifications to users of account activity.,,https://attack.mitre.org/techniques/T1469,attack-pattern--537ea573-8a1c-468c-956b-d16d2ed9d067
T1470,no,Obtain Device Cloud Backups,"An adversary who is able to obtain unauthorized access to or misuse authorized access to cloud backup services (e.g. Google's Android backup service or Apple's iCloud) could use that access to obtain sensitive data stored in device backups. For example, the Elcomsoft Phone Breaker product advertises the ability to retrieve iOS backup data from Apple's iCloud (Citation: Elcomsoft-EPPB). Elcomsoft also describes (Citation: Elcomsoft-WhatsApp) obtaining WhatsApp communication histories from backups stored in iCloud.",Android;iOS,remote-service-effects,Google provides the ability for users to view their account activity. Apple iCloud also provides notifications to users of account activity.,,https://attack.mitre.org/techniques/T1470,attack-pattern--0c71033e-401e-4b97-9309-7a7c95e43a5d
T1471,no,Data Encrypted for Impact,An adversary may encrypt files stored on a mobile device to prevent the user from accessing them. This may be done in order to extract monetary compensation from a victim in exchange for decryption or a decryption key (ransomware) or to render data permanently inaccessible in cases where the key is not saved or transmitted.,Android,impact,"Application vetting services may be able to detect if an application attempts to encrypt files, although this may be benign behavior.",,https://attack.mitre.org/techniques/T1471,attack-pattern--d9e88203-2b5d-405f-a406-2933b1e3d7e4
T1472,no,Generate Fraudulent Advertising Revenue,"An adversary could seek to generate fraudulent advertising revenue from mobile devices, for example by triggering automatic clicks of advertising links without user involvement.",Android;iOS,impact,,,https://attack.mitre.org/techniques/T1472,attack-pattern--f981d199-2720-467e-9dc9-eea04dbe05cf
T1473,no,Malicious or Vulnerable Built-in Device Functionality,,,,,,https://attack.mitre.org/techniques/T1473,attack-pattern--f9e4f526-ac9d-4df5-8949-833a82a1d2df
T1474,no,Supply Chain Compromise,"Adversaries may manipulate products or product delivery mechanisms prior to receipt by a final consumer for the purpose of data or system compromise.  Supply chain compromise can take place at any stage of the supply chain including:  * Manipulation of development tools * Manipulation of a development environment * Manipulation of source code repositories (public or private) * Manipulation of source code in open-source dependencies * Manipulation of software update/distribution mechanisms * Compromised/infected system images * Replacement of legitimate software with modified versions * Sales of modified/counterfeit products to legitimate distributors * Shipment interdiction  While supply chain compromise can impact any component of hardware or software, attackers looking to gain execution have often focused on malicious additions to legitimate software in software distribution or update channels. Targeting may be specific to a desired victim set or malicious software may be distributed to a broad set of consumers but only move on to additional tactics on specific victims.  Popular open source projects that are used as dependencies in many applications may also be targeted as a means to add malicious code to users of the dependency, specifically with the widespread usage of third-party advertising libraries.(Citation: Grace-Advertisement)(Citation: NowSecure-RemoteCode)",Android;iOS,initial-access,Usage of insecure or malicious third-party libraries could be detected by application vetting services. Malicious software development tools could be detected by enterprises that deploy endpoint protection software on computers that are used to develop mobile apps. Application vetting could detect the usage of insecure or malicious third-party libraries.,,https://attack.mitre.org/techniques/T1474,attack-pattern--0d95940f-9583-4e0f-824c-a42c1be47fad
T1474.001,yes,Compromise Software Dependencies and Development Tools,Adversaries may manipulate products or product delivery mechanisms prior to receipt by a final consumer for the purpose of data or system compromise. Applications often depend on external software to function properly. Popular open source projects that are used as dependencies in many applications may be targeted as a means to add malicious code to users of the dependency.(Citation: Grace-Advertisement),Android;iOS,initial-access,Usage of insecure or malicious third-party libraries could be detected by application vetting services. Malicious software development tools could be detected by enterprises that deploy endpoint protection software on computers that are used to develop mobile apps. Application vetting could detect the usage of insecure or malicious third-party libraries.,,https://attack.mitre.org/techniques/T1474/001,attack-pattern--7827ced0-95e7-4d05-bdcf-0d8f2d37a3d3
T1474.002,yes,Compromise Hardware Supply Chain,"Adversaries may manipulate hardware components in products prior to receipt by a final consumer for the purpose of data or system compromise. By modifying hardware or firmware in the supply chain, adversaries can insert a backdoor into consumer networks that may be difficult to detect and give the adversary a high degree of control over the system.",Android;iOS,initial-access,Integrity checking mechanisms can potentially detect unauthorized hardware modifications.,,https://attack.mitre.org/techniques/T1474/002,attack-pattern--c08366bb-8d11-4921-853f-f0a3b6a2a1da
T1474.003,yes,Compromise Software Supply Chain,"Adversaries may manipulate application software prior to receipt by a final consumer for the purpose of data or system compromise. Supply chain compromise of software can take place in a number of ways, including manipulation of the application source code, manipulation of the update/distribution mechanism for that software, or replacing compiled releases with a modified version.",Android;iOS,initial-access,Application vetting services can detect malicious code in applications. System partition integrity checking mechanisms can detect unauthorized or malicious code contained in the system partition.,,https://attack.mitre.org/techniques/T1474/003,attack-pattern--9558a84e-2d5e-4872-918e-d847494a8ffc
T1475,no,Deliver Malicious App via Authorized App Store,"Malicious applications are a common attack vector used by adversaries to gain a presence on mobile devices. Mobile devices often are configured to allow application installation only from an authorized app store (e.g., Google Play Store or Apple App Store). An adversary may seek to place a malicious application in an authorized app store, enabling the application to be installed onto targeted devices.  App stores typically require developer registration and use vetting techniques to identify malicious applications. Adversaries may use these techniques against app store defenses:  * [Download New Code at Runtime](https://attack.mitre.org/techniques/T1407) * [Obfuscated Files or Information](https://attack.mitre.org/techniques/T1406)  Adversaries may also seek to evade vetting by placing code in a malicious application to detect whether it is running in an app analysis environment and, if so, avoid performing malicious actions while under analysis. (Citation: Petsas) (Citation: Oberheide-Bouncer) (Citation: Percoco-Bouncer) (Citation: Wang)  Adversaries may also use fake identities, payment cards, etc., to create developer accounts to publish malicious applications to app stores. (Citation: Oberheide-Bouncer)  Adversaries may also use control of a target's Google account to use the Google Play Store's remote installation capability to install apps onto the Android devices associated with the Google account. (Citation: Oberheide-RemoteInstall) (Citation: Konoth) (Only applications that are available for download through the Google Play Store can be remotely installed using this technique.)",Android;iOS,initial-access,* An EMM/MDM or mobile threat defense solution can identify the presence of unwanted or known insecure or malicious apps on devices. * Developers can scan (or have a third party scan on their behalf) the app stores for presence of unauthorized apps that were submitted using the developer's identity.,,https://attack.mitre.org/techniques/T1475,attack-pattern--d9db3d46-66ca-44b4-9daa-1ef97cb7465a
T1476,no,Deliver Malicious App via Other Means,"Malicious applications are a common attack vector used by adversaries to gain a presence on mobile devices. This technique describes installing a malicious application on targeted mobile devices without involving an authorized app store (e.g., Google Play Store or Apple App Store). Adversaries may wish to avoid placing malicious applications in an authorized app store due to increased potential risk of detection or other reasons. However, mobile devices often are configured to allow application installation only from an authorized app store which would prevent this technique from working.  Delivery methods for the malicious application include:  * [Spearphishing Attachment](https://attack.mitre.org/techniques/T1566/001) - Including the mobile app package as an attachment to an email message. * [Spearphishing Link](https://attack.mitre.org/techniques/T1566/002) - Including a link to the mobile app package within an email, text message (e.g. SMS, iMessage, Hangouts, WhatsApp, etc.), web site, QR code, or other means. * Third-Party App Store - Installed from a third-party app store (as opposed to an authorized app store that the device implicitly trusts as part of its default behavior), which may not apply the same level of scrutiny to apps as applied by an authorized app store.(Citation: IBTimes-ThirdParty)(Citation: TrendMicro-RootingMalware)(Citation: TrendMicro-FlappyBird)  Some Android malware comes with functionality to install additional applications, either automatically or when the adversary instructs it to.(Citation: android-trojan-steals-paypal-2fa)",Android;iOS,initial-access,"* An EMM/MDM or mobile threat defense solution may be able to identify the presence of apps installed from sources other than an authorized app store.  * An EMM/MDM or mobile threat defense solution may be able to identify Android devices configured to allow apps to be installed from ""Unknown Sources"". * Enterprise email security solutions can identify the presence of Android or iOS application packages within email messages.",,https://attack.mitre.org/techniques/T1476,attack-pattern--53263a67-075e-48fa-974b-91c5b5445db7
T1477,no,Exploit via Radio Interfaces,"The mobile device may be targeted for exploitation through its interface to cellular networks or other radio interfaces.  ### Baseband Vulnerability Exploitation  A message sent over a radio interface (typically cellular, but potentially Bluetooth, GPS, NFC, Wi-Fi(Citation: ProjectZero-BroadcomWiFi) or other) to the mobile device could exploit a vulnerability in code running on the device(Citation: Register-BaseStation)(Citation: Weinmann-Baseband).  ### Malicious SMS Message  An SMS message could contain content designed to exploit vulnerabilities in the SMS parser on the receiving device(Citation: Forbes-iPhoneSMS). An SMS message could also contain a link to a web site containing malicious content designed to exploit the device web browser. Vulnerable SIM cards may be remotely exploited and reprogrammed via SMS messages(Citation: SRLabs-SIMCard).",Android;iOS,initial-access,,,https://attack.mitre.org/techniques/T1477,attack-pattern--2d646840-f6f5-4619-a5a8-29c8316bbac5
T1478,no,Install Insecure or Malicious Configuration,"An adversary could attempt to install insecure or malicious configuration settings on the mobile device, through means such as phishing emails or text messages either directly containing the configuration settings as an attachment, or containing a web link to the configuration settings. The device user may be tricked into installing the configuration settings through social engineering techniques (Citation: Symantec-iOSProfile).  For example, an unwanted Certification Authority (CA) certificate could be placed in the device's trusted certificate store, increasing the device's susceptibility to adversary-in-the-middle network attacks seeking to eavesdrop on or manipulate the device's network communication ([Eavesdrop on Insecure Network Communication](https://attack.mitre.org/techniques/T1439) and [Manipulate Device Communication](https://attack.mitre.org/techniques/T1463)).  On iOS, malicious Configuration Profiles could contain unwanted Certification Authority (CA) certificates or other insecure settings such as unwanted proxy server or VPN settings to route the device's network traffic through an adversary's system. The device could also potentially be enrolled into a malicious Mobile Device Management (MDM) system (Citation: Talos-MDM).",Android;iOS,defense-evasion;initial-access,"On Android, the user can view trusted CA certificates through the device settings and look for unexpected certificates. A mobile security product could similarly examine the trusted CA certificate store for anomalies.  On iOS, the user can view installed Configuration Profiles through the device settings and look for unexpected profiles. A Mobile Device Management (MDM) system could use the iOS MDM APIs to examine the list of installed Configuration Profiles for anomalies.",,https://attack.mitre.org/techniques/T1478,attack-pattern--cde2cb84-455e-410c-8aa9-086f2788bcd2
T1481,no,Web Service,"Adversaries may use an existing, legitimate external Web service as a means for relaying data to/from a compromised system. Popular websites and social media, acting as a mechanism for C2, may give a significant amount of cover. This is due to the likelihood that hosts within a network are already communicating with them prior to a compromise. Using common services, such as those offered by Google or Twitter, makes it easier for adversaries to hide in expected noise. Web service providers commonly use SSL/TLS encryption, giving adversaries an added level of protection.      Use of Web services may also protect back-end C2 infrastructure from discovery through malware binary analysis, or enable operational resiliency (since this infrastructure may be dynamically changed).",Android;iOS,command-and-control,"Application vetting services may provide a list of connections made or received by an application, or a list of domains contacted by the application.",,https://attack.mitre.org/techniques/T1481,attack-pattern--c6a146ae-9c63-4606-97ff-e261e76e8380
T1481.001,yes,Dead Drop Resolver,"Adversaries may use an existing, legitimate external Web service to host information that points to additional command and control (C2) infrastructure. Adversaries may post content, known as a dead drop resolver, on Web services with embedded (and often obfuscated/encoded) domains or IP addresses. Once infected, victims will reach out to and be redirected by these resolvers.      Popular websites and social media, acting as a mechanism for C2, may give a significant amount of cover. This is due to the likelihood that hosts within a network are already communicating with them prior to a compromise. Using common services, such as those offered by Google or Twitter, makes it easier for adversaries to hide in expected noise. Web service providers commonly use SSL/TLS encryption, giving adversaries an added level of protection.      Use of a dead drop resolver may also protect back-end C2 infrastructure from discovery through malware binary analysis, or enable operational resiliency (since this infrastructure may be dynamically changed).",Android;iOS,command-and-control,"Application vetting services may provide a list of connections made or received by an application, or a list of domains contacted by the application.",,https://attack.mitre.org/techniques/T1481/001,attack-pattern--986f80f7-ff0e-4f48-87bd-0394814bbce5
T1481.002,yes,Bidirectional Communication,"Adversaries may use an existing, legitimate external Web service channel as a means for sending commands to and receiving output from a compromised system. Compromised systems may leverage popular websites and social media to host command and control (C2) instructions. Those infected systems can then send the output from those commands back over that Web service channel. The return traffic may occur in a variety of ways, depending on the Web service being utilized. For example, the return traffic may take the form of the compromised system posting a comment on a forum, issuing a pull request to development project, updating a document hosted on a Web service, or by sending a Tweet.      Popular websites and social media, acting as a mechanism for C2, may give a significant amount of cover. This is due to the likelihood that hosts within a network are already communicating with them prior to a compromise. Using common services, such as those offered by Google or Twitter, makes it easier for adversaries to hide in expected noise. Web service providers commonly use SSL/TLS encryption, giving adversaries an added level of protection.",Android;iOS,command-and-control,"Application vetting services may provide a list of connections made or received by an application, or a list of domains contacted by the application.",,https://attack.mitre.org/techniques/T1481/002,attack-pattern--939808a7-121d-467a-b028-4441ee8b7cee
T1481.003,yes,One-Way Communication,"Adversaries may use an existing, legitimate external Web service channel as a means for sending commands to a compromised system without receiving return output. Compromised systems may leverage popular websites and social media to host command and control (C2) instructions. Those infected systems may opt to send the output from those commands back over a different C2 channel, including to another distinct Web service. Alternatively, compromised systems may return no output at all in cases where adversaries want to send instructions to systems and do not want a response.      Popular websites and social media, acting as a mechanism for C2, may give a significant amount of cover. This is due to the likelihood that hosts within a network are already communicating with them prior to a compromise. Using common services, such as those offered by Google or Twitter, makes it easier for adversaries to hide in expected noise. Web service providers commonly use SSL/TLS encryption, giving adversaries an added level of protection.",Android;iOS,command-and-control,"Application vetting services may provide a list of connections made or received by an application, or a list of domains contacted by the application.",,https://attack.mitre.org/techniques/T1481/003,attack-pattern--d916f176-a1ca-4a78-9fdd-4058bc28162e
T1507,no,Network Information Discovery,"Adversaries may use device sensors to collect information about nearby networks, such as Wi-Fi and Bluetooth.",Android,collection,,,https://attack.mitre.org/techniques/T1507,attack-pattern--e4c347e9-fb91-4bc5-83b8-391e389131e2
T1508,no,Suppress Application Icon,"A malicious application could suppress its icon from being displayed to the user in the application launcher to hide the fact that it is installed, and to make it more difficult for the user to uninstall the application. Hiding the application's icon programmatically does not require any special permissions.  This behavior has been seen in the BankBot/Spy Banker family of malware.(Citation: android-trojan-steals-paypal-2fa)(Citation: sunny-stolen-credentials)(Citation: bankbot-spybanker)",Android,defense-evasion,"The user can examine the list of all installed applications, including those with a suppressed icon, in the device settings.",,https://attack.mitre.org/techniques/T1508,attack-pattern--fd658820-cbba-4c95-8ac9-0fac6b1099e2
T1509,no,Non-Standard Port,"Adversaries may generate network traffic using a protocol and port pairing that are typically not associated. For example, HTTPS over port 8088 or port 587 as opposed to the traditional port 443. Adversaries may make changes to the standard port used by a protocol to bypass filtering or muddle analysis/parsing of network data.",Android;iOS,command-and-control,"Application vetting reports may show network communications performed by the application, including hosts, ports, protocols, and URLs. Further detection would most likely be at the enterprise level, through packet and/or netflow inspection. Many properly configured firewalls may also naturally block command and control traffic over non-standard ports.",,https://attack.mitre.org/techniques/T1509,attack-pattern--948a447c-d783-4ba0-8516-a64140fcacd5
T1510,no,Clipboard Modification,"Adversaries may abuse clipboard functionality to intercept and replace information in the Android device clipboard.(Citation: ESET Clipboard Modification February 2019)(Citation: Welivesecurity Clipboard Modification February 2019)(Citation: Syracuse Clipboard Modification 2014) Malicious applications may monitor the clipboard activity through the <code>ClipboardManager.OnPrimaryClipChangedListener</code> interface on Android to determine when the clipboard contents have changed.(Citation: Dr.Webb Clipboard Modification origin2 August 2018)(Citation: Dr.Webb Clipboard Modification origin August 2018) Listening to clipboard activity, reading the clipboard contents, and modifying the clipboard contents requires no explicit application permissions and can be performed by applications running in the background, however, this behavior has changed with the release of Android 10.(Citation: Android 10 Privacy Changes)  Adversaries may use [Clipboard Modification](https://attack.mitre.org/techniques/T1510) to replace text prior to being pasted, for example, replacing a copied Bitcoin wallet address with a wallet address that is under adversarial control.  [Clipboard Modification](https://attack.mitre.org/techniques/T1510) had been seen within the Android/Clipper.C trojan. This sample had been detected by ESET in an application distributed through the Google Play Store targeting cryptocurrency wallet numbers.(Citation: ESET Clipboard Modification February 2019)",Android,impact,"Modifying clipboard content can be difficult to detect, and therefore enterprises may be better served focusing on detection at other stages of adversarial behavior.",,https://attack.mitre.org/techniques/T1510,attack-pattern--e399430e-30b7-48c5-b70a-f44dc8c175cb
T1512,no,Video Capture,"An adversary can leverage a device’s cameras to gather information by capturing video recordings. Images may also be captured, potentially in specified intervals, in lieu of video files.       Malware or scripts may interact with the device cameras through an available API provided by the operating system. Video or image files may be written to disk and exfiltrated later. This technique differs from [Screen Capture](https://attack.mitre.org/techniques/T1513) due to use of the device’s cameras for video recording rather than capturing the victim’s screen.      In Android, an application must hold the `android.permission.CAMERA` permission to access the cameras. In iOS, applications must include the `NSCameraUsageDescription` key in the `Info.plist` file. In both cases, the user must grant permission to the requesting application to use the camera. If the device has been rooted or jailbroken, an adversary may be able to access the camera without knowledge of the user.",Android;iOS,collection,"The user can view which applications have permission to use the camera through the device settings screen, where the user can then choose to revoke the permissions. During the vetting process, applications using the Android permission `android.permission.CAMERA`, or the iOS `NSCameraUsageDescription` plist entry could be given closer scrutiny.",,https://attack.mitre.org/techniques/T1512,attack-pattern--d8940e76-f9c1-4912-bea6-e21c251370b6
T1513,no,Screen Capture,"Adversaries may use screen capture to collect additional information about a target device, such as applications running in the foreground, user data, credentials, or other sensitive information. Applications running in the background can capture screenshots or videos of another application running in the foreground by using the Android `MediaProjectionManager` (generally requires the device user to grant consent).(Citation: Fortinet screencap July 2019)(Citation: Android ScreenCap1 2019) Background applications can also use Android accessibility services to capture screen contents being displayed by a foreground application.(Citation: Lookout-Monokle) An adversary with root access or Android Debug Bridge (adb) access could call the Android `screencap` or `screenrecord` commands.(Citation: Android ScreenCap2 2019)(Citation: Trend Micro ScreenCap July 2015)",Android,collection,"The user can view a list of apps with accessibility service privileges in the device settings. Application vetting services can look for the use of the Android `MediaProjectionManager` class, applying extra scrutiny to applications that use the class.",,https://attack.mitre.org/techniques/T1513,attack-pattern--73c26732-6422-4081-8b63-6d0ae93d449e
T1516,no,Input Injection,"A malicious application can inject input to the user interface to mimic user interaction through the abuse of Android's accessibility APIs.  [Input Injection](https://attack.mitre.org/techniques/T1516) can be achieved using any of the following methods:  * Mimicking user clicks on the screen, for example to steal money from a user's PayPal account.(Citation: android-trojan-steals-paypal-2fa) * Injecting global actions, such as `GLOBAL_ACTION_BACK` (programatically mimicking a physical back button press), to trigger actions on behalf of the user.(Citation: Talos Gustuff Apr 2019) * Inserting input into text fields on behalf of the user. This method is used legitimately to auto-fill text fields by applications such as password managers.(Citation: bitwarden autofill logins)",Android,defense-evasion;impact,Users can view applications that have registered accessibility services in the accessibility menu within the device settings.,,https://attack.mitre.org/techniques/T1516,attack-pattern--d1f1337e-aea7-454c-86bd-482a98ffaf62
T1517,no,Access Notifications,"Adversaries may collect data within notifications sent by the operating system or other applications. Notifications may contain sensitive data such as one-time authentication codes sent over SMS, email, or other mediums. In the case of Credential Access, adversaries may attempt to intercept one-time code sent to the device. Adversaries can also dismiss notifications to prevent the user from noticing that the notification has arrived and can trigger action buttons contained within notifications.(Citation: ESET 2FA Bypass)",Android,collection;credential-access,Application vetting services can look for applications requesting the `BIND_NOTIFICATION_LISTENER_SERVICE` permission in a service declaration. Users can also inspect and modify the list of applications that have notification access through the device settings (e.g. Apps & notification -> Special app access -> Notification access).,,https://attack.mitre.org/techniques/T1517,attack-pattern--39dd7871-f59b-495f-a9a5-3cb8cc50c9b2
T1520,no,Domain Generation Algorithms,"Adversaries may use [Domain Generation Algorithms](https://attack.mitre.org/techniques/T1520) (DGAs) to procedurally generate domain names for command and control communication, and other uses such as malicious application distribution.(Citation: securelist rotexy 2018)  DGAs increase the difficulty for defenders to block, track, or take over the command and control channel, as there potentially could be thousands of domains that malware can check for instructions.",Android;iOS,command-and-control,"Detecting dynamically generated domains can be challenging due to the number of different DGA algorithms, constantly evolving malware families, and the increasing complexity of the algorithms. There is a myriad of approaches for detecting a pseudo-randomly generated domain name, including using frequency analysis, Markov chains, entropy, proportion of dictionary words, ratio of vowels to other characters, and more.(Citation: Data Driven Security DGA) CDN domains may trigger these detections due to the format of their domain names. In addition to detecting a DGA domain based on the name, another more general approach for detecting a suspicious domain is to check for recently registered names or for rarely visited domains.",,https://attack.mitre.org/techniques/T1520,attack-pattern--60623164-ccd8-4508-a141-b5a34820b3de
T1521,no,Encrypted Channel,"Adversaries may explicitly employ a known encryption algorithm to conceal command and control traffic rather than relying on any inherent protections provided by a communication protocol. Despite the use of a secure algorithm, these implementations may be vulnerable to reverse engineering if necessary secret keys are encoded and/or generated within malware samples/configuration files.",Android;iOS,command-and-control,"Since data encryption is a common practice in many legitimate applications and uses standard programming language-specific APIs, encrypting data for command and control communication is regarded as undetectable to the user.",,https://attack.mitre.org/techniques/T1521,attack-pattern--ed2c05a1-4f81-4d97-9e1b-aff01c34ae84
T1521.001,yes,Symmetric Cryptography,"Adversaries may employ a known symmetric encryption algorithm to conceal command and control traffic, rather than relying on any inherent protections provided by a communication protocol. Symmetric encryption algorithms use the same key for plaintext encryption and ciphertext decryption. Common symmetric encryption algorithms include AES, Blowfish, and RC4.",Android;iOS,command-and-control,"Since data encryption is a common practice in many legitimate applications and uses standard programming language-specific APIs, encrypting data for command and control communication is regarded as undetectable to the user.",,https://attack.mitre.org/techniques/T1521/001,attack-pattern--bb4387ab-7a51-468b-bf5f-a9a8612f0303
T1521.002,yes,Asymmetric Cryptography,"Adversaries may employ a known asymmetric encryption algorithm to conceal command and control traffic, rather than relying on any inherent protections provided by a communication protocol. Asymmetric cryptography, also known as public key cryptography, uses a keypair per party: one public that can be freely distributed, and one private that should not be distributed. Due to how asymmetric algorithms work, the sender encrypts data with the receiver’s public key and the receiver decrypts the data with their private key. This ensures that only the intended recipient can read the encrypted data. Common public key encryption algorithms include RSA, ElGamal, and ECDSA.  For efficiency, many protocols (including SSL/TLS) use symmetric cryptography once a connection is established, but use asymmetric cryptography to establish or transmit a key. As such, these protocols are classified as [Asymmetric Cryptography](https://attack.mitre.org/techniques/T1521/002).",Android;iOS,command-and-control,"Since data encryption is a common practice in many legitimate applications and uses standard programming language-specific APIs, encrypting data for command and control communication is regarded as undetectable to the user.",,https://attack.mitre.org/techniques/T1521/002,attack-pattern--16d73b64-5681-4ea0-9af4-4ad86f7c96e8
T1521.003,yes,SSL Pinning,"Adversaries may use [SSL Pinning](https://attack.mitre.org/techniques/T1521/003)  to protect the C2 traffic from being intercepted and analyzed.  [SSL Pinning](https://attack.mitre.org/techniques/T1521/003)  is a technique commonly utilized by legitimate websites to ensure that encrypted communications are only allowed with a pre-defined certificate. If another certificate is presented, it could indicate device compromise, traffic interception, or another upstream issue. While benign usages are common, it is also possible for adversaries to abuse this technology to protect malicious C2 traffic.  In normal, not pinned SSL validation, when a client connects to a server using HTTPS, it typically checks whether the server’s SSL/TLS certificate is signed by a trusted Certificate Authority (CA) in the device’s trust store. If the certificate is valid and signed by a trusted CA, the connection is established. However, with [SSL Pinning](https://attack.mitre.org/techniques/T1521/003) , the client is configured to trust a specific SSL/TLS certificate or public key, rather than relying on the device’s trust store. This means that even if the server’s certificate is signed by a trusted CA, the client will only establish the connection of the certificate or key is pinned.  There are two types of [SSL Pinning](https://attack.mitre.org/techniques/T1521/003) :  1.	Certificate Pinning: The client stores a copy of the server’s certificate and compares it with the certificate received during the SSL handshake. If the certificates match, then the client proceeds with the connection. This approach also works with self-signed certificates.  2.	Public Key Pinning: Instead of pinning the entire certificate, the client pins just the public key extracted from the certificate. This is often more flexible, as it allows the server to renew its certificate without having to update the pinned certificate or breaking the SSL connection.",Android;iOS,command-and-control,,,https://attack.mitre.org/techniques/T1521/003,attack-pattern--dfafc230-5465-4993-8dc5-f51fa9fec002
T1523,no,Evade Analysis Environment,"Malicious applications may attempt to detect their operating environment prior to fully executing their payloads. These checks are often used to ensure the application is not running within an analysis environment such as a sandbox used for application vetting, security research, or reverse engineering.  Adversaries may use many different checks such as physical sensors, location, and system properties to fingerprint emulators and sandbox environments.(Citation: Talos Gustuff Apr 2019)(Citation: ThreatFabric Cerberus)(Citation: Xiao-ZergHelper)(Citation: Cyberscoop Evade Analysis January 2019) Adversaries may access `android.os.SystemProperties` via Java reflection to obtain specific system information.(Citation: Github Anti-emulator) Standard values such as phone number, IMEI, IMSI, device IDs, and device drivers may be checked against default signatures of common sandboxes.(Citation: Sophos Anti-emulation)",Android;iOS,defense-evasion;discovery,"Analysis Environment avoidance capabilities can be difficult to detect, and therefore enterprises may be better served focusing on detection at other stages of adversarial behavior.",,https://attack.mitre.org/techniques/T1523,attack-pattern--786f488c-cb1f-4602-89c5-86d982ee326b
T1532,no,Archive Collected Data,"Adversaries may compress and/or encrypt data that is collected prior to exfiltration. Compressing data can help to obfuscate its contents and minimize use of network resources. Encryption can be used to hide information that is being exfiltrated from detection or make exfiltration less conspicuous upon inspection by a defender.      Both compression and encryption are done prior to exfiltration, and can be performed using a utility, programming library, or custom algorithm.",Android;iOS,collection,Many encryption mechanisms are built into standard application-accessible APIs and are therefore undetectable to the end user.,,https://attack.mitre.org/techniques/T1532,attack-pattern--e3b936a4-6321-4172-9114-038a866362ec
T1533,no,Data from Local System,"Adversaries may search local system sources, such as file systems or local databases, to find files of interest and sensitive data prior to exfiltration.       Access to local system data, which includes information stored by the operating system, often requires escalated privileges. Examples of local system data include authentication tokens, the device keyboard cache, Wi-Fi passwords, and photos. On Android, adversaries may also attempt to access files from external storage which may require additional storage-related permissions.",Android;iOS,collection,"Accessing data from the local system can be difficult to detect, and therefore enterprises may be better served focusing on detection at other stages of adversarial behavior.",,https://attack.mitre.org/techniques/T1533,attack-pattern--e1c912a9-e305-434b-9172-8a6ce3ec9c4a
T1540,no,Code Injection,"Adversaries may use code injection attacks to implant arbitrary code into the address space of a running application. Code is then executed or interpreted by that application. Adversaries utilizing this technique may exploit capabilities to load code in at runtime through dynamic libraries.  With root access, `ptrace` can be used to target specific applications and load shared libraries into its process memory.(Citation: Shunix Code Injection Mar 2016)(Citation: Fadeev Code Injection Aug 2018) By injecting code, an adversary may be able to gain access to higher permissions held by the targeted application by executing as the targeted application. In addition, the adversary may be able to evade detection or enable persistent access to a system under the guise of the application’s process.(Citation: Google Triada June 2019)",Android;iOS,defense-evasion;persistence;privilege-escalation,"Code injection can be difficult to detect, and therefore enterprises may be better served focusing on detection at other stages of adversarial behavior.",,https://attack.mitre.org/techniques/T1540,attack-pattern--039bc59c-ecc7-4997-b2b4-4ab728bd91aa
T1541,no,Foreground Persistence,"Adversaries may abuse Android's `startForeground()` API method to maintain continuous sensor access. Beginning in Android 9, idle applications running in the background no longer have access to device sensors, such as the camera, microphone, and gyroscope.(Citation: Android-SensorsOverview) Applications can retain sensor access by running in the foreground, using Android’s `startForeground()` API method. This informs the system that the user is actively interacting with the application, and it should not be killed. The only requirement to start a foreground service is showing a persistent notification to the user.(Citation: Android-ForegroundServices)  Malicious applications may abuse the `startForeground()` API method to continue running in the foreground, while presenting a notification to the user pretending to be a genuine application. This would allow unhindered access to the device’s sensors, assuming permission has been previously granted.(Citation: BlackHat Sutter Android Foreground 2019)  Malicious applications may also abuse the `startForeground()` API to inform the Android system that the user is actively interacting with the application, thus preventing it from being killed by the low memory killer.(Citation: TrendMicro-Yellow Camera)",Android,defense-evasion;persistence,"Users can see persistent notifications in their notification drawer and can subsequently uninstall applications that do not belong. Applications could be vetted for their use of the `startForeground()` API, and could be further scrutinized if usage is found.",,https://attack.mitre.org/techniques/T1541,attack-pattern--648f8051-1a35-46d3-b1d8-3a3f5cf2cc8e
T1544,no,Ingress Tool Transfer,Adversaries may transfer tools or other files from an external system onto a compromised device to facilitate follow-on actions. Files may be copied from an external adversary-controlled system through the command and control channel  or through alternate protocols with another tool such as FTP.,Android;iOS,command-and-control,Application vetting services could look for connections to unknown domains or IP addresses. Application vetting services may indicate precisely what content was requested during application execution.,,https://attack.mitre.org/techniques/T1544,attack-pattern--2bb20118-e6c0-41dc-a07c-283ea4dd0fb8
T1575,no,Native API,"Adversaries may use Android’s Native Development Kit (NDK) to write native functions that can achieve execution of binaries or functions. Like system calls on a traditional desktop operating system, native code achieves execution on a lower level than normal Android SDK calls.  The NDK allows developers to write native code in C or C++ that is compiled directly to machine code, avoiding all intermediate languages and steps in compilation that higher level languages, like Java, typically have. The Java Native Interface (JNI) is the component that allows Java functions in the Android app to call functions in a native library.(Citation: Google NDK Getting Started)  Adversaries may also choose to use native functions to execute malicious code since native actions are typically much more difficult to analyze than standard, non-native behaviors.(Citation: MITRE App Vetting Effectiveness)",Android,defense-evasion;execution,This is abuse of standard OS-level APIs and are therefore typically undetectable to the end user.,,https://attack.mitre.org/techniques/T1575,attack-pattern--52eff1c7-dd30-4121-b762-24ae6fa61bbb
T1576,no,Uninstall Malicious Application,"Adversaries may include functionality in malware that uninstalls the malicious application from the device. This can be achieved by:  * Abusing device owner permissions to perform silent uninstallation using device owner API calls. * Abusing root permissions to delete files from the filesystem. * Abusing the accessibility service. This requires an intent be sent to the system to request uninstallation, and then abusing the accessibility service to click the proper places on the screen to confirm uninstallation.",Android,defense-evasion,,,https://attack.mitre.org/techniques/T1576,attack-pattern--8c7862ff-3449-4ac6-b0fd-ac1298a822a5
T1577,no,Compromise Application Executable,"Adversaries may modify applications installed on a device to establish persistent access to a victim. These malicious modifications can be used to make legitimate applications carry out adversary tasks when these applications are in use.  There are multiple ways an adversary can inject malicious code into applications. One method is by taking advantages of device vulnerabilities, the most well-known being Janus, an Android vulnerability that allows adversaries to add extra bytes to APK (application) and DEX (executable) files without affecting the file's signature. By being able to add arbitrary bytes to valid applications, attackers can seamlessly inject code into genuine executables without the user's knowledge.(Citation: Guardsquare Janus)  Adversaries may also rebuild applications to include malicious modifications. This can be achieved by decompiling the genuine application, merging it with the malicious code, and recompiling it.(Citation: CheckPoint Agent Smith)  Adversaries may also take action to conceal modifications to application executables and bypass user consent. These actions include altering modifications to appear as an update or exploiting vulnerabilities that allow activities of the malicious application to run inside a system application.(Citation: CheckPoint Agent Smith)",Android,persistence,This behavior is seamless to the user and is typically undetectable.,,https://attack.mitre.org/techniques/T1577,attack-pattern--d3bc5020-f6a2-41c0-8ccb-5e563101b60c
T1579,no,Keychain,"Adversaries may collect the keychain storage data from an iOS device to acquire credentials. Keychains are the built-in way for iOS to keep track of users' passwords and credentials for many services and features such as Wi-Fi passwords, websites, secure notes, certificates, private keys, and VPN credentials.  On the device, the keychain database is stored outside of application sandboxes to prevent unauthorized access to the raw data. Standard iOS APIs allow applications access to their own keychain contained within the database. By utilizing a privilege escalation exploit or existing root access, an adversary can access the entire encrypted database.(Citation: Apple Keychain Services)(Citation: Elcomsoft Decrypt Keychain)",iOS,credential-access,Mobile security products can potentially detect jailbroken devices and perform further actions as necessary.,,https://attack.mitre.org/techniques/T1579,attack-pattern--27f483c6-6666-44fa-8532-ffd5fc7dab38
T1581,no,Geofencing,"Adversaries may use a device’s geographical location to limit certain malicious behaviors. For example, malware operators may limit the distribution of a second stage payload to certain geographic regions.(Citation: Lookout eSurv)  [Geofencing](https://attack.mitre.org/techniques/T1581) is accomplished by persuading the user to grant the application permission to access location services. The application can then collect, process, and exfiltrate the device’s location to perform location-based actions, such as ceasing malicious behavior or showing region-specific advertisements.  One method to accomplish [Geofencing](https://attack.mitre.org/techniques/T1581) on Android is to use the built-in Geofencing API to automatically trigger certain behaviors when the device enters or exits a specified radius around a geographical location. Similar to other [Geofencing](https://attack.mitre.org/techniques/T1581) methods, this requires that the user has granted the `ACCESS_FINE_LOCATION` and `ACCESS_BACKGROUND_LOCATION` permissions. The latter is only required if the application targets Android 10 (API level 29) or higher. However, Android 11 introduced additional permission controls that may restrict background location collection based on user permission choices at runtime. These additional controls include “Allow only while using the app”, which will effectively prohibit background location collection.(Citation: Android Geofencing API)  Similarly, on iOS, developers can use built-in APIs to setup and execute geofencing. Depending on the use case, the app will either need to call `requestWhenInUseAuthorization()` or `requestAlwaysAuthorization()`, depending on when access to the location services is required. Similar to Android, users also have the option to limit when the application can access the device’s location, including one-time use and only when the application is running in the foreground.(Citation: Apple Location Services)  [Geofencing](https://attack.mitre.org/techniques/T1581) can be used to prevent exposure of capabilities in environments that are not intended to be compromised or operated within. For example, location data could be used to limit malware spread and/or capabilities, which could also potentially evade application analysis environments (ex: malware analysis outside of the target geographic area). Other malicious usages could include showing language-specific [Input Prompt](https://attack.mitre.org/techniques/T1411)s and/or advertisements.",Android;iOS,defense-evasion,"Users can review which applications have location permissions in the operating system’s settings menu. On Android 10 and later, the system shows a notification to the user when an app has been accessing device location in the background.",,https://attack.mitre.org/techniques/T1581,attack-pattern--8197f026-64da-4700-93b9-b55ba55f3b31
T1582,no,SMS Control,"Adversaries may delete, alter, or send SMS messages without user authorization. This could be used to hide C2 SMS messages, spread malware, or various external effects.  This can be accomplished by requesting the `RECEIVE_SMS` or `SEND_SMS` permissions depending on what the malware is attempting to do. If the app is set as the default SMS handler on the device, the `SMS_DELIVER` broadcast intent can be registered, which allows the app to write to the SMS content provider. The content provider directly modifies the messaging database on the device, which could allow malicious applications with this ability to insert, modify, or delete arbitrary messages on the device.(Citation: SMS KitKat)(Citation: Android SmsProvider)",Android,impact,Users can view the default SMS handler in system settings.,,https://attack.mitre.org/techniques/T1582,attack-pattern--b327a9c0-e709-495c-aa6e-00b042136e2b
T1603,no,Scheduled Task/Job,"Adversaries may abuse task scheduling functionality to facilitate initial or recurring execution of malicious code. On Android and iOS, APIs and libraries exist to facilitate scheduling tasks to execute at a specified date, time, or interval.  On Android, the `WorkManager` API allows asynchronous tasks to be scheduled with the system. `WorkManager` was introduced to unify task scheduling on Android, using `JobScheduler`, `GcmNetworkManager`, and `AlarmManager` internally. `WorkManager` offers a lot of flexibility for scheduling, including periodically, one time, or constraint-based (e.g. only when the device is charging).(Citation: Android WorkManager)  On iOS, the `NSBackgroundActivityScheduler` API allows asynchronous tasks to be scheduled with the system. The tasks can be scheduled to be repeating or non-repeating, however, the system chooses when the tasks will be executed. The app can choose the interval for repeating tasks, or the delay between scheduling and execution for one-time tasks.(Citation: Apple NSBackgroundActivityScheduler)",Android;iOS,execution;persistence,"Scheduling tasks/jobs can be difficult to detect, and therefore enterprises may be better served focusing on detection at other stages of adversarial behavior.",,https://attack.mitre.org/techniques/T1603,attack-pattern--00290ac5-551e-44aa-bbd8-c4b913488a6d
T1604,no,Proxy Through Victim,"Adversaries may use a compromised device as a proxy server to the Internet. By utilizing a proxy, adversaries hide the true IP address of their C2 server and associated infrastructure from the destination of the network traffic. This masquerades an adversary’s traffic as legitimate traffic originating from the compromised device, which can evade IP-based restrictions and alerts on certain services, such as bank accounts and social media websites.(Citation: Threat Fabric Exobot)  The most common type of proxy is a SOCKS proxy. It can typically be implemented using standard OS-level APIs and 3rd party libraries with no indication to the user. On Android, adversaries can use the `Proxy` API to programmatically establish a SOCKS proxy connection, or lower-level APIs to interact directly with raw sockets.",Android,defense-evasion,"Enterprises may be able to detect anomalous traffic originating from mobile devices, which could indicate compromise.",,https://attack.mitre.org/techniques/T1604,attack-pattern--5ca3c7ec-55b2-4587-9376-cf6c96f8047a
T1605,no,Command-Line Interface,"Adversaries may use built-in command-line interfaces to interact with the device and execute commands. Android provides a bash shell that can be interacted with over the Android Debug Bridge (ADB) or programmatically using Java’s `Runtime` package. On iOS, adversaries can interact with the underlying runtime shell if the device has been jailbroken.  If the device has been rooted or jailbroken, adversaries may locate and invoke a superuser binary to elevate their privileges and interact with the system as the root user. This dangerous level of permissions allows the adversary to run special commands and modify protected system files.",Android;iOS,execution,"Command-Line Interface execution can be difficult to detect, and therefore enterprises may be better served focusing on detection at other stages of adversarial behavior.",,https://attack.mitre.org/techniques/T1605,attack-pattern--e083305c-49e7-4c87-aae8-9689213bffbe
T1616,no,Call Control,"Adversaries may make, forward, or block phone calls without user authorization. This could be used for adversary goals such as audio surveillance, blocking or forwarding calls from the device owner, or C2 communication.  Several permissions may be used to programmatically control phone calls, including:  * `ANSWER_PHONE_CALLS` - Allows the application to answer incoming phone calls(Citation: Android Permissions) * `CALL_PHONE` - Allows the application to initiate a phone call without going through the Dialer interface(Citation: Android Permissions) * `PROCESS_OUTGOING_CALLS` - Allows the application to see the number being dialed during an outgoing call with the option to redirect the call to a different number or abort the call altogether(Citation: Android Permissions) * `MANAGE_OWN_CALLS` - Allows a calling application which manages its own calls through the self-managed `ConnectionService` APIs(Citation: Android Permissions) * `BIND_TELECOM_CONNECTION_SERVICE` - Required permission when using a `ConnectionService`(Citation: Android Permissions) * `WRITE_CALL_LOG` - Allows an application to write to the device call log, potentially to hide malicious phone calls(Citation: Android Permissions)  When granted some of these permissions, an application can make a phone call without opening the dialer first. However, if an application desires to simply redirect the user to the dialer with a phone number filled in, it can launch an Intent using `Intent.ACTION_DIAL`, which requires no specific permissions. This then requires the user to explicitly initiate the call or use some form of [Input Injection](https://attack.mitre.org/techniques/T1516) to programmatically initiate it.",Android,collection;command-and-control;impact,"Users can view their default phone app in device settings. Users can review available call logs for irregularities, such as missing or unrecognized calls.",,https://attack.mitre.org/techniques/T1616,attack-pattern--351ddf79-2d3a-41b4-9bef-82ea5d3ccd69
T1617,no,Hooking,"Adversaries may utilize hooking to hide the presence of artifacts associated with their behaviors to evade detection. Hooking can be used to modify return values or data structures of system APIs and function calls. This process typically involves using 3rd party root frameworks, such as Xposed or Magisk, with either a system exploit or pre-existing root access. By including custom modules for root frameworks, adversaries can hook system APIs and alter the return value and/or system data structures to alter functionality/visibility of various aspects of the system.",Android,defense-evasion,"Hooking can be difficult to detect, and therefore enterprises may be better served focusing on detection at other stages of adversarial behavior.",,https://attack.mitre.org/techniques/T1617,attack-pattern--ccde43e4-78f9-4f32-b401-c081e7db71ea
T1618,no,User Evasion,"Adversaries may attempt to avoid detection by hiding malicious behavior from the user. By doing this, an adversary’s modifications would most likely remain installed on the device for longer, allowing the adversary to continue to operate on that device.   While there are many ways this can be accomplished, one method is by using the device’s sensors. By utilizing the various motion sensors on a device, such as accelerometer or gyroscope, an application could detect that the device is being interacted with. That way, the application could continue to run while the device is not in use but cease operating while the user is using the device, hiding anything that would indicate malicious activity was ongoing. Accessing the sensors in this way does not require any permissions from the user, so it would be completely transparent.",Android,defense-evasion,"Mobile security products may be able to detect some forms of user evasion. Otherwise, the act of hiding malicious activity could be difficult to detect, and therefore enterprises may be better served focusing on detection at other stages of adversarial behavior.",,https://attack.mitre.org/techniques/T1618,attack-pattern--2f0e8d80-4b8b-4f4a-b5cc-132afe7e057d
T1623,no,Command and Scripting Interpreter,"Adversaries may abuse command and script interpreters to execute commands, scripts, or binaries. These interfaces and languages provide ways of interacting with computer systems and are a common feature across many different platforms. Most systems come with some built-in command-line interface and scripting capabilities, for example, Android is a UNIX-like OS and includes a basic [Unix Shell](https://attack.mitre.org/techniques/T1623/001) that can be accessed via the Android Debug Bridge (ADB) or Java’s `Runtime` package.  Adversaries may abuse these technologies in various ways as a means of executing arbitrary commands. Commands and scripts can be embedded in [Initial Access](https://attack.mitre.org/tactics/TA0027) payloads delivered to victims as lure documents or as secondary payloads downloaded from an existing C2. Adversaries may also execute commands through interactive terminals/shells.",Android;iOS,execution,"Command-line activities can potentially be detected through Mobile Threat Defense integrations with lower-level OS APIs. This could grant the MTD agents access to running processes and their parameters, potentially detecting unwanted or malicious shells.  Application vetting services could detect the invocations of methods that could be used to execute shell commands.(Citation: Samsung Knox Mobile Threat Defense)",,https://attack.mitre.org/techniques/T1623,attack-pattern--29f1f56c-7b7a-4c14-9e39-59577ea2743c
T1623.001,yes,Unix Shell,"Adversaries may abuse Unix shell commands and scripts for execution. Unix shells are the underlying command prompts on Android and iOS devices. Unix shells can control every aspect of a system, with certain commands requiring elevated privileges that are only accessible if the device has been rooted or jailbroken.   Unix shells also support scripts that enable sequential execution of commands as well as other typical programming operations such as conditionals and loops. Common uses of shell scripts include long or repetitive tasks, or the need to run the same set of commands on multiple systems.   Adversaries may abuse Unix shells to execute various commands or payloads. Interactive shells may be accessed through command and control channels or during lateral movement such as with SSH. Adversaries may also leverage shell scripts to deliver and execute multiple commands on victims or as part of payloads used for persistence.   If the device has been rooted or jailbroken, adversaries may locate and invoke a superuser binary to elevate their privileges and interact with the system as the root user. This dangerous level of permissions allows the adversary to run special commands and modify protected system files.",Android;iOS,execution,"Command-line activities can potentially be detected through Mobile Threat Defense integrations with lower-level OS APIs. This could grant the MTD agents access to running processes and their parameters, potentially detecting unwanted or malicious shells.  Application vetting services could detect the invocations of methods that could be used to execute shell commands.(Citation: Samsung Knox Mobile Threat Defense)",,https://attack.mitre.org/techniques/T1623/001,attack-pattern--693cdbff-ea73-49c6-ac3f-91e7285c31d1
T1624,no,Event Triggered Execution,"Adversaries may establish persistence using system mechanisms that trigger execution based on specific events. Mobile operating systems have means to subscribe to events such as receiving an SMS message, device boot completion, or other device activities.   Adversaries may abuse these mechanisms as a means of maintaining persistent access to a victim via automatically and repeatedly executing malicious code. After gaining access to a victim’s system, adversaries may create or modify event triggers to point to malicious content that will be executed whenever the event trigger is invoked.",Android,persistence,Application vetting services can detect which broadcast intents an application registers for and which permissions it requests.,,https://attack.mitre.org/techniques/T1624,attack-pattern--d446b9f0-06a9-4a8d-97ee-298cfee84f14
T1624.001,yes,Broadcast Receivers,"Adversaries may establish persistence using system mechanisms that trigger execution based on specific events. Mobile operating systems have means to subscribe to events such as receiving an SMS message, device boot completion, or other device activities.   An intent is a message passed between Android applications or system components. Applications can register to receive broadcast intents at runtime, which are system-wide intents delivered to each app when certain events happen on the device, such as network changes or the user unlocking the screen. Malicious applications can then trigger certain actions within the app based on which broadcast intent was received.   In addition to Android system intents, malicious applications can register for intents broadcasted by other applications. This allows the malware to respond based on actions in other applications. This behavior typically indicates a more intimate knowledge, or potentially the targeting of specific devices, users, or applications.   In Android 8 (API level 26), broadcast intent behavior was changed, limiting the implicit intents that applications can register for in the manifest. In most cases, applications that register through the manifest will no longer receive the broadcasts. Now, applications must register context-specific broadcast receivers while the user is actively using the app.(Citation: Android Changes to System Broadcasts)",Android,persistence,Application vetting services can detect which broadcast intents an application registers for and which permissions it requests.,,https://attack.mitre.org/techniques/T1624/001,attack-pattern--3775a580-a1d1-46c4-8147-c614a715f2e9
T1625,no,Hijack Execution Flow,"Adversaries may execute their own malicious payloads by hijacking the way operating systems run applications. Hijacking execution flow can be for the purposes of persistence since this hijacked execution may reoccur over time.   There are many ways an adversary may hijack the flow of execution. A primary way is by manipulating how the operating system locates programs to be executed. How the operating system locates libraries to be used by a program can also be intercepted. Locations where the operating system looks for programs or resources, such as file directories, could also be poisoned to include malicious payloads.",Android,persistence,Mobile threat defense agents could detect unauthorized operating system modifications by using attestation.,,https://attack.mitre.org/techniques/T1625,attack-pattern--670a4d75-103b-4b14-8a9e-4652fa795edd
T1625.001,yes,System Runtime API Hijacking,"Adversaries may execute their own malicious payloads by hijacking the way an operating system runs applications. Hijacking execution flow can be for the purposes of persistence since this hijacked execution may reoccur at later points in time.    On Android, adversaries may overwrite the standard OS API library with a malicious alternative to hook into core functions to achieve persistence. By doing this, the adversary’s code will be executed every time the overwritten API function is called by an app on the infected device.",Android,persistence,Mobile threat defense agents could detect unauthorized operating system modifications by using attestation.,,https://attack.mitre.org/techniques/T1625/001,attack-pattern--c6e17ca2-08b5-4379-9786-89bd05241831
T1626,no,Abuse Elevation Control Mechanism,Adversaries may circumvent mechanisms designed to control elevated privileges to gain higher-level permissions. Most modern systems contain native elevation control mechanisms that are intended to limit privileges that a user can gain on a machine. Authorization has to be granted to specific users in order to perform tasks that are designated as higher risk. An adversary can use several methods to take advantage of built-in control mechanisms in order to escalate privileges on a system.,Android,privilege-escalation,"When an application requests administrator permission, users are presented with a popup and the option to grant or deny the request. Application vetting services can detect when an application requests administrator permission. Extra scrutiny could be applied to applications that do",,https://attack.mitre.org/techniques/T1626,attack-pattern--08ea902d-ecb5-47ed-a453-2798057bb2d3
T1626.001,yes,Device Administrator Permissions,"Adversaries may abuse Android’s device administration API to obtain a higher degree of control over the device. By abusing the API, adversaries can perform several nefarious actions, such as resetting the device’s password for [Endpoint Denial of Service](https://attack.mitre.org/techniques/T1642), factory resetting the device for [File Deletion](https://attack.mitre.org/techniques/T1630/002) and to delete any traces of the malware, disabling all the device’s cameras, or to make it more difficult to uninstall the app.  Device administrators must be approved by the user at runtime, with a system popup showing which actions have been requested by the app. In conjunction with other techniques, such as [Input Injection](https://attack.mitre.org/techniques/T1516), an app can programmatically grant itself administrator permissions without any user input.",Android,privilege-escalation,Users are prompted for approval when an application requests device administrator permissions. Users can see which applications are registered as device administrators in the device settings. Application vetting services can check for the string `BIND_DEVICE_ADMIN` in the application’s manifest. This indicates it can prompt the user for device administrator permissions.,,https://attack.mitre.org/techniques/T1626/001,attack-pattern--9c049d7b-c92a-4733-9381-27e2bd2ccadc
T1627,no,Execution Guardrails,"Adversaries may use execution guardrails to constrain execution or actions based on adversary supplied and environment specific conditions that are expected to be present on the target. Guardrails ensure that a payload only executes against an intended target and reduces collateral damage from an adversary’s campaign. Values an adversary can provide about a target system or environment to use as guardrails may include environment information such as location.(Citation: SWB Exodus March 2019)  Guardrails can be used to prevent exposure of capabilities in environments that are not intended to be compromised or operated within. This use of guardrails is distinct from typical [System Checks](https://attack.mitre.org/techniques/T1633/001). While use of [System Checks](https://attack.mitre.org/techniques/T1633/001) may involve checking for known sandbox values and continuing with execution only if there is no match, the use of guardrails will involve checking for an expected target-specific value and only continuing with execution if there is such a match.",Android;iOS,defense-evasion,Detecting the use of guardrails may be difficult depending on the implementation. Users can review which applications have location and sensitive phone information permissions in the operating system’s settings menu. Application vetting services can detect unnecessary and potentially permissions or API calls.,,https://attack.mitre.org/techniques/T1627,attack-pattern--498e7b81-238d-404c-aa5e-332904d63286
T1627.001,yes,Geofencing,"Adversaries may use a device’s geographical location to limit certain malicious behaviors. For example, malware operators may limit the distribution of a second stage payload to certain geographic regions.(Citation: Lookout eSurv)  [Geofencing](https://attack.mitre.org/techniques/T1627/001) is accomplished by persuading the user to grant the application permission to access location services. The application can then collect, process, and exfiltrate the device’s location to perform location-based actions, such as ceasing malicious behavior or showing region-specific advertisements.   One method to accomplish [Geofencing](https://attack.mitre.org/techniques/T1627/001) on Android is to use the built-in Geofencing API to automatically trigger certain behaviors when the device enters or exits a specified radius around a geographical location. Similar to  other [Geofencing](https://attack.mitre.org/techniques/T1627/001) methods, this requires that the user has granted the `ACCESS_FINE_LOCATION` and `ACCESS_BACKGROUND_LOCATION` permissions. The latter is only required if the application targets Android 10 (API level 29) or higher. However, Android 11 introduced additional permission controls that may restrict background location collection based on user permission choices at runtime. These additional controls include ""Allow only while using the app"", which will effectively prohibit background location collection.    Similarly, on iOS, developers can use built-in APIs to setup and execute geofencing. Depending on the use case, the app will either need to call `requestWhenInUseAuthorization()` or `requestAlwaysAuthorization()`, depending on when access to the location services is required. Similar to Android, users also have the option to limit when the application can access the device’s location, including one-time use and only when the application is running in the foreground.    [Geofencing](https://attack.mitre.org/techniques/T1627/001) can be used to prevent exposure of capabilities in environments that are not intended to be compromised or operated within. For example, location data could be used to limit malware spread and/or capabilities, which could also potentially evade application analysis environments (ex: malware analysis outside of the target geographic area). Other malicious usages could include showing language-specific input prompts and/or advertisements.",Android;iOS,defense-evasion,"Users can review which applications have location permissions in the operating system’s settings menu. On Android 10 and later, the system shows a notification to the user when an app has been accessing device location in the background. Application vetting services can detect unnecessary and potentially abused location permissions or API calls.",,https://attack.mitre.org/techniques/T1627/001,attack-pattern--e422b6fa-4739-46b9-992e-82f1b350c780
T1628,no,Hide Artifacts,"Adversaries may attempt to hide artifacts associated with their behaviors to evade detection. Mobile operating systems have features and developer APIs to hide various artifacts, such as an application’s launcher icon. These APIs have legitimate usages, such as hiding an icon to avoid application drawer clutter when an application does not have a usable interface. Adversaries may abuse these features and APIs to hide artifacts from the user to evade detection.",Android,defense-evasion,The user can examine the list of all installed applications in the device settings. Application vetting services could potentially detect the usage of APIs intended for artifact hiding.,,https://attack.mitre.org/techniques/T1628,attack-pattern--fc53309d-ebd5-4573-9242-57024ebdad4f
T1628.001,yes,Suppress Application Icon,"A malicious application could suppress its icon from being displayed to the user in the application launcher. This hides the fact that it is installed, and can make it more difficult for the user to uninstall the application. Hiding the application's icon programmatically does not require any special permissions.   This behavior has been seen in the BankBot/Spy Banker family of malware.(Citation: android-trojan-steals-paypal-2fa)(Citation: sunny-stolen-credentials)(Citation: bankbot-spybanker)   Beginning in Android 10, changes were introduced to inhibit malicious applications’ ability to hide their icon. If an app is a system app, requests no permissions, or does not have a launcher activity, the application’s icon will be fully hidden. Further, if the device is fully managed or the application is in a work profile, the icon will be fully hidden. Otherwise, a synthesized activity is shown, which is a launcher icon that represents the app’s details page in the system settings. If the user clicks the synthesized activity in the launcher, they are taken to the application’s details page in the system settings.(Citation: Android 10 Limitations to Hiding App Icons)(Citation: LauncherApps getActivityList)",Android,defense-evasion,"The user can examine the list of all installed applications, including those with a suppressed icon, in the device settings. If the user is redirected to the device settings when tapping an application’s icon, they should inspect the application to ensure it is genuine. Application vetting services could potentially detect the usage of APIs intended for suppressing the application’s icon.",,https://attack.mitre.org/techniques/T1628/001,attack-pattern--f05fc151-aa62-47e3-ae57-2d1b23d64bf6
T1628.002,yes,User Evasion,"Adversaries may attempt to avoid detection by hiding malicious behavior from the user. By doing this, an adversary’s modifications would most likely remain installed on the device for longer, allowing the adversary to continue to operate on that device.   While there are many ways this can be accomplished, one method is by using the device’s sensors. By utilizing the various motion sensors on a device, such as accelerometer or gyroscope, an application could detect that the device is being interacted with. That way, the application could continue to run while the device is not in use but cease operating while the user is using the device, hiding anything that would indicate malicious activity was ongoing. Accessing the sensors in this way does not require any permissions from the user, so it would be completely transparent.",Android,defense-evasion,"Mobile security products may be able to detect some forms of user evasion. Otherwise, the act of hiding malicious activity could be difficult to detect, and therefore enterprises may be better served focusing on detection at other stages of adversarial behavior.",,https://attack.mitre.org/techniques/T1628/002,attack-pattern--24a77e53-0751-46fc-b207-99378fb35c08
T1628.003,yes,Conceal Multimedia Files,"Adversaries may attempt to hide multimedia files from the user. By doing so, adversaries may conceal captured files, such as pictures, videos and/or screenshots, then later exfiltrate those files.    Specific to Android devices, if the `.nomedia` file is present in a folder, multimedia files in that folder will not be visible to the user in the Gallery application. Additionally, other applications are asked not to scan the folder with the `.nomedia` file, effectively making the folder appear invisible to the user.    This technique is often used by stalkerware and spyware applications.",Android,defense-evasion,,,https://attack.mitre.org/techniques/T1628/003,attack-pattern--ea132c68-b518-4478-ae8d-1763cda26ee3
T1629,no,Impair Defenses,"Adversaries may maliciously modify components of a victim environment in order to hinder or disable defensive mechanisms. This not only involves impairing preventative defenses, such as anti-virus, but also detection capabilities that defenders can use to audit activity and identify malicious behavior. This may span both native defenses as well as supplemental capabilities installed by users or mobile endpoint administrators.",Android,defense-evasion,Mobile security products integrated with Samsung Knox for Mobile Threat Defense can monitor processes to see if security tools are killed or stop running. Application vetting can detect many techniques associated with impairing device defenses.(Citation: Samsung Knox Mobile Threat Defense),,https://attack.mitre.org/techniques/T1629,attack-pattern--20b0931a-8952-42ca-975f-775bad295f1a
T1629.001,yes,Prevent Application Removal,"Adversaries may abuse the Android device administration API to prevent the user from uninstalling a target application. In earlier versions of Android, device administrator applications needed their administration capabilities explicitly deactivated by the user before the application could be uninstalled. This was later updated so the user could deactivate and uninstall the administrator application in one step.  Adversaries may also abuse the device accessibility APIs to prevent removal. This set of APIs allows the application to perform certain actions on behalf of the user and programmatically determine what is being shown on the screen. The malicious application could monitor the device screen for certain modals (e.g., the confirmation modal to uninstall an application) and inject screen input or a back button tap to close the modal. For example, Android's `performGlobalAction(int)` API could be utilized to prevent the user from removing the malicious application from the device after installation. If the user wants to uninstall the malicious application, two cases may occur, both preventing the user from removing the application.  * Case 1: If the integer argument passed to the API call is `2` or `GLOBAL_ACTION_HOME`, the malicious application may direct the user to the home screen from settings screen   * Case 2: If the integer argument passed to the API call is `1` or `GLOBAL_ACTION_BACK`, the malicious application may emulate the back press event",Android,defense-evasion,Users can view a list of device administrators and applications that have registered accessibility services in device settings. Users can typically visually see when an action happens that they did not initiate and can subsequently review installed applications for any out of place or unknown ones. Applications that register an accessibility service or request device administrator permissions should be scrutinized further for malicious behavior.,,https://attack.mitre.org/techniques/T1629/001,attack-pattern--dc01774a-d1c1-45fb-b506-0a5d1d6593d9
T1629.002,yes,Device Lockout,"An adversary may seek to inhibit user interaction by locking the legitimate user out of the device. This is typically accomplished by requesting device administrator permissions and then locking the screen using `DevicePolicyManager.lockNow()`. Other novel techniques for locking the user out of the device have been observed, such as showing a persistent overlay, using carefully crafted “call” notification screens, and locking HTML pages in the foreground. These techniques can be very difficult to get around, and typically require booting the device into safe mode to uninstall the malware.(Citation: Microsoft MalLockerB)(Citation: Talos GPlayed)(Citation: securelist rotexy 2018)  Prior to Android 7, device administrators were able to reset the device lock passcode to prevent the user from unlocking the device. The release of Android 7 introduced updates that only allow device or profile owners (e.g. MDMs) to reset the device’s passcode.(Citation: Android resetPassword)",Android,defense-evasion,Users can view a list of device administrators in device settings and revoke permission where appropriate. Applications that request device administrator permissions should be scrutinized further for malicious behavior.,,https://attack.mitre.org/techniques/T1629/002,attack-pattern--acf8fd2a-dc98-43b4-8d37-64e10728e591
T1629.003,yes,Disable or Modify Tools,"Adversaries may disable security tools to avoid potential detection of their tools and activities. This can take the form of disabling security software, modifying SELinux configuration, or other methods to interfere with security tools scanning or reporting information. This is typically done by abusing device administrator permissions or using system exploits to gain root access to the device to modify protected system files.",Android,defense-evasion,Users can view a list of active device administrators in the device settings.,,https://attack.mitre.org/techniques/T1629/003,attack-pattern--2aa78dfd-cb6f-4c70-9408-137cfd96be49
T1630,no,Indicator Removal on Host,"Adversaries may delete, alter, or hide generated artifacts on a device, including files, jailbreak status, or the malicious application itself. These actions may interfere with event collection, reporting, or other notifications used to detect intrusion activity. This may compromise the integrity of mobile security solutions by causing notable events or information to go unreported.",iOS;Android,defense-evasion,"Mobile security products can detect which applications can request device administrator permissions. Users can view applications with administrator access through the device settings, and may also notice if user data is inexplicably missing. Users can see a list of applications that can use accessibility services in the device settings. Application vetting services could look for use of APIs that could indicate the application is trying to hide activity.",,https://attack.mitre.org/techniques/T1630,attack-pattern--0d4e3bbb-7af5-4c88-a215-0c0906bc1e8d
T1630.001,yes,Uninstall Malicious Application,"Adversaries may include functionality in malware that uninstalls the malicious application from the device. This can be achieved by:    * Abusing device owner permissions to perform silent uninstallation using device owner API calls.  * Abusing root permissions to delete files from the filesystem.  * Abusing the accessibility service. This requires sending an intent to the system to request uninstallation, and then abusing the accessibility service to click the proper places on the screen to confirm uninstallation.",Android,defense-evasion,Users can see a list of applications that can use accessibility services in the device settings. Application vetting services could look for use of the accessibility service or features that typically require root access.,,https://attack.mitre.org/techniques/T1630/001,attack-pattern--0cdd66ad-26ac-4338-a764-4972a1e17ee3
T1630.002,yes,File Deletion,"Adversaries may wipe a device or delete individual files in order to manipulate external outcomes or hide activity. An application must have administrator access to fully wipe the device, while individual files may not require special permissions to delete depending on their storage location.(Citation: Android DevicePolicyManager 2019)   Stored data could include a variety of file formats, such as Office files, databases, stored emails, and custom file formats. The impact file deletion will have depends on the type of data as well as the goals and objectives of the adversary, but can include deleting update files to evade detection or deleting attacker-specified files for impact.",Android,defense-evasion,"Mobile security products can detect which applications can request device administrator permissions. Users can view applications with administrator access through the device settings, and may also notice if user data is inexplicably missing. Application vetting services could be extra scrutinous of applications that request device administrator permissions.",,https://attack.mitre.org/techniques/T1630/002,attack-pattern--ab7400b7-3476-4776-9545-ef3fa373de63
T1630.003,yes,Disguise Root/Jailbreak Indicators,"An adversary could use knowledge of the techniques used by security software to evade detection.(Citation: Brodie)(Citation: Tan) For example, some mobile security products perform compromised device detection by searching for particular artifacts such as an installed ""su"" binary, but that check could be evaded by naming the binary something else. Similarly, polymorphic code techniques could be used to evade signature-based detection.(Citation: Rastogi)",Android;iOS,defense-evasion,Mobile security products can use attestation to detect compromised devices.,,https://attack.mitre.org/techniques/T1630/003,attack-pattern--a91262d5-b9ff-463f-b8d2-12e4ea1eb3c9
T1631,no,Process Injection,"Adversaries may inject code into processes in order to evade process-based defenses or even elevate privileges. Process injection is a method of executing arbitrary code in the address space of a separate live process. Running code in the context of another process may allow access to the process's memory, system/network resources, and possibly elevated privileges. Execution via process injection may also evade detection from security products since the execution is masked under a legitimate process.   Both Android and iOS have no legitimate way to achieve process injection. The only way this is possible is by abusing existing root access or exploiting a vulnerability.",Android;iOS,defense-evasion;privilege-escalation,Application vetting services could look for misuse of dynamic libraries.,,https://attack.mitre.org/techniques/T1631,attack-pattern--b7c0e45f-0206-4f75-96e7-fe7edad3aaff
T1631.001,yes,Ptrace System Calls,"Adversaries may inject malicious code into processes via ptrace (process trace) system calls in order to evade process-based defenses as well as possibly elevate privileges. Ptrace system call injection is a method of executing arbitrary code in the address space of a separate live process.    Ptrace system call injection involves attaching to and modifying a running process. The ptrace system call enables a debugging process to observe and control another process (and each individual thread), including changing memory and register values.(Citation: PTRACE man) Ptrace system call injection is commonly performed by writing arbitrary code into a running process (e.g., by using `malloc`) then invoking that memory with `PTRACE_SETREGS` to set the register containing the next instruction to execute. Ptrace system call injection can also be done with `PTRACE_POKETEXT`/`PTRACE_POKEDATA`, which copy data to a specific address in the target process's memory (e.g., the current address of the next instruction).(Citation: PTRACE man)(Citation: Medium Ptrace JUL 2018)    Ptrace system call injection may not be possible when targeting processes with high-privileges, and on some systems those that are non-child processes.(Citation: BH Linux Inject)    Running code in the context of another process may allow access to the process's memory, system/network resources, and possibly elevated privileges. Execution via ptrace system call injection may also evade detection from security products since the execution is masked under a legitimate process.",Android;iOS,defense-evasion;privilege-escalation,Application vetting services could look for misuse of dynamic libraries.,,https://attack.mitre.org/techniques/T1631/001,attack-pattern--1ff89c1b-7615-4fe8-b9cb-63aaf52e6dee
T1632,no,Subvert Trust Controls,Adversaries may undermine security controls that will either warn users of untrusted activity or prevent execution of untrusted applications. Operating systems and security products may contain mechanisms to identify programs or websites as possessing some level of trust. Examples of such features include: an app being allowed to run because it is signed by a valid code signing certificate; an OS prompt alerting the user that an app came from an untrusted source; or getting an indication that you are about to connect to an untrusted site. The method adversaries use will depend on the specific mechanism they seek to subvert.,Android;iOS,defense-evasion,"On Android, the user can use the device settings menu to view trusted CA certificates and look for unexpected or unknown certificates. A mobile security product could similarly examine the trusted CA certificate store for anomalies. Users can use the device settings menu to view which applications on the device are allowed to install unknown applications.   On iOS, the user can use the device settings menu to view installed Configuration Profiles and look for unexpected or unknown profiles. A Mobile Device Management (MDM) system could use the iOS MDM APIs to examine the list of installed Configuration Profiles for anomalies.",,https://attack.mitre.org/techniques/T1632,attack-pattern--79cb02f4-ac4e-4335-8b51-425c9573cce1
T1632.001,yes,Code Signing Policy Modification,"Adversaries may modify code signing policies to enable execution of applications signed with unofficial or unknown keys. Code signing provides a level of authenticity on an app from a developer, guaranteeing that the program has not been tampered with and comes from an official source. Security controls can include enforcement mechanisms to ensure that only valid, signed code can be run on a device.   Mobile devices generally enable these security controls by default, such as preventing the installation of unknown applications on Android. Adversaries may modify these policies in a number of ways, including [Input Injection](https://attack.mitre.org/techniques/T1516) or malicious configuration profiles.",Android;iOS,defense-evasion,"On Android, the user can use the device settings menu to view trusted CA certificates and look for unexpected or unknown certificates. A mobile security product could similarly examine the trusted CA certificate store for anomalies. Users can use the device settings menu to view which applications on the device are allowed to install unknown applications.  On iOS, the user can use the device settings menu to view installed Configuration Profiles and look for unexpected or unknown profiles. A Mobile Device Management (MDM) system could use the iOS MDM APIs to examine the list of installed Configuration Profiles for anomalies.",,https://attack.mitre.org/techniques/T1632/001,attack-pattern--fcb11f06-ce0e-490b-bcc1-04a1623579f0
T1633,no,Virtualization/Sandbox Evasion,"Adversaries may employ various means to detect and avoid virtualization and analysis environments. This may include changing behaviors after checking for the presence of artifacts indicative of a virtual machine environment (VME) or sandbox. If the adversary detects a VME, they may alter their malware’s behavior to disengage from the victim or conceal the core functions of the payload. They may also search for VME artifacts before dropping further payloads. Adversaries may use the information learned from [Virtualization/Sandbox Evasion](https://attack.mitre.org/techniques/T1633) during automated discovery to shape follow-on behaviors.   Adversaries may use several methods to accomplish [Virtualization/Sandbox Evasion](https://attack.mitre.org/techniques/T1633) such as checking for system artifacts associated with analysis or virtualization. Adversaries may also check for legitimate user activity to help determine if it is in an analysis environment.",Android;iOS,defense-evasion,"Application vetting services could look for applications attempting to get `android.os.SystemProperties` or `getprop` with the runtime `exec()` commands. This could indicate some level of sandbox evasion, as Google recommends against using system properties within applications.",,https://attack.mitre.org/techniques/T1633,attack-pattern--27d18e87-8f32-4be1-b456-39b90454360f
T1633.001,yes,System Checks,"Adversaries may employ various system checks to detect and avoid virtualization and analysis environments. This may include changing behavior after checking for the presence of artifacts indicative of a virtual environment or sandbox. If the adversary detects a virtual environment, they may alter their malware’s behavior to disengage from the victim or conceal the core functions of the implant. They may also search for virtualization artifacts before dropping secondary or additional payloads.   Checks could include generic system properties such as host/domain name and samples of network traffic. Adversaries may also check the network adapters addresses, CPU core count, and available memory/drive size.   Hardware checks, such as the presence of motion sensors, could also be used to gather evidence that can be indicative a virtual environment. Adversaries may also query for specific readings from these devices.",Android;iOS,defense-evasion,"Application vetting services could look for applications attempting to get `android.os.SystemProperties` or `getprop` with the runtime `exec()` commands. This could indicate some level of sandbox evasion, as Google recommends against using system properties within applications.",,https://attack.mitre.org/techniques/T1633/001,attack-pattern--6ffad4be-bfe0-424f-abde-4d9a84a800ad
T1634,no,Credentials from Password Store,"Adversaries may search common password storage locations to obtain user credentials. Passwords can be stored in several places on a device, depending on the operating system or application holding the credentials. There are also specific applications that store passwords to make it easier for users to manage and maintain. Once credentials are obtained, they can be used to perform lateral movement and access restricted information.",iOS,credential-access,"Mobile security products can potentially detect jailbroken devices. Application vetting services may be able to detect known privilege escalation exploits contained within applications, as well as searching application packages for strings that correlate to known password store locations.",,https://attack.mitre.org/techniques/T1634,attack-pattern--cc6e0637-76d2-4af3-a604-9d8d3ff8a6b3
T1634.001,yes,Keychain,"Adversaries may collect keychain data from an iOS device to acquire credentials. Keychains are the built-in way for iOS to keep track of users' passwords and credentials for many services and features such as Wi-Fi passwords, websites, secure notes, certificates, private keys, and VPN credentials.   On the device, the keychain database is stored outside of application sandboxes to prevent unauthorized access to the raw data. Standard iOS APIs allow applications access to their own keychain contained within the database. By utilizing a privilege escalation exploit or existing root access, adversaries can access the entire encrypted database.(Citation: Apple Keychain Services)(Citation: Elcomsoft Decrypt Keychain)",iOS,credential-access,"Mobile security products can potentially detect jailbroken devices. Application vetting services may be able to detect known privilege escalation exploits contained within applications, as well as searching application packages for strings that correlate to known password store locations.",,https://attack.mitre.org/techniques/T1634/001,attack-pattern--8605a0ec-b44a-4e98-a7fc-87d4bd3acb66
T1635,no,Steal Application Access Token,"Adversaries can steal user application access tokens as a means of acquiring credentials to access remote systems and resources. This can occur through social engineering or URI hijacking and typically requires user action to grant access, such as through a system “Open With” dialogue.    Application access tokens are used to make authorized API requests on behalf of a user and are commonly used as a way to access resources in cloud-based applications and software-as-a-service (SaaS).(Citation: Auth0 - Why You Should Always Use Access Tokens to Secure APIs Sept 2019) OAuth is one commonly implemented framework used to issue tokens to users for access to systems. An application desiring access to cloud-based services or protected APIs can gain entry through OAuth 2.0 using a variety of authorization protocols. An example of a commonly-used sequence is Microsoft's Authorization Code Grant flow.(Citation: Microsoft Identity Platform Protocols May 2019)(Citation: Microsoft - OAuth Code Authorization flow - June 2019) An OAuth access token enables a third-party application to interact with resources containing user data in the ways requested without requiring user credentials.",Android;iOS,credential-access,"On Android, users may be presented with a popup to select the appropriate application to open a URI in. If the user sees an application they do not recognize, they can remove it. When vetting applications for potential security weaknesses, the vetting process could look for insecure use of Intents. Developers should be encouraged to use techniques to ensure that the intent can only be sent to an appropriate destination (e.g., use explicit rather than implicit intents, permission checking, checking of the destination app's signing certificate, or utilizing the App Links feature). For mobile applications using OAuth, encourage use of best practice.(Citation: IETF-OAuthNativeApps)(Citation: Android-AppLinks)",,https://attack.mitre.org/techniques/T1635,attack-pattern--233fe2c0-cb41-4765-b454-e0087597fbce
T1635.001,yes,URI Hijacking,"Adversaries may register Uniform Resource Identifiers (URIs) to intercept sensitive data.   Applications regularly register URIs with the operating system to act as a response handler for various actions, such as logging into an app using an external account via single sign-on. This allows redirections to that specific URI to be intercepted by the application. If an adversary were to register for a URI that was already in use by a genuine application, the adversary may be able to intercept data intended for the genuine application or perform a phishing attack against the genuine application. Intercepted data may include OAuth authorization codes or tokens that could be used by the adversary to gain access to protected resources.(Citation: Trend Micro iOS URL Hijacking)(Citation: IETF-PKCE)",Android;iOS,credential-access,"On Android, users may be presented with a popup to select the appropriate application to open the URI in. If the user sees an application they do not recognize, they can remove it. When vetting applications for potential security weaknesses, the vetting process could look for insecure use of Intents. Developers should be encouraged to use techniques to ensure that the intent can only be sent to an appropriate destination (e.g., use explicit rather than implicit intents, permission checking, checking of the destination app's signing certificate, or utilizing the App Links feature). For mobile applications using OAuth, encourage use of best practice. (Citation: IETF-OAuthNativeApps)(Citation: Android-AppLinks)",,https://attack.mitre.org/techniques/T1635/001,attack-pattern--789ef15a-34d9-4b32-a779-8cbbc9eb32f5
T1636,no,Protected User Data,"Adversaries may utilize standard operating system APIs to collect data from permission-backed data stores on a device, such as the calendar or contact list. These permissions need to be declared ahead of time. On Android, they must be included in the application’s manifest. On iOS, they must be included in the application’s `Info.plist` file.       In almost all cases, the user is required to grant access to the data store that the application is trying to access. In recent OS versions, vendors have introduced additional privacy controls for users, such as the ability to grant permission to an application only while the application is being actively used by the user.      If the device has been jailbroken or rooted, an adversary may be able to access [Protected User Data](https://attack.mitre.org/techniques/T1636) without the user’s knowledge or approval.",Android;iOS,collection,"Users can view permissions granted to an application in device settings. Application vetting services typically flag permissions requested by an application, which can be reviewed by an administrator. Certain dangerous permissions, such as `RECEIVE_SMS`, could receive additional scrutiny.",,https://attack.mitre.org/techniques/T1636,attack-pattern--11c2c2b7-1fd4-408f-bc2e-fe772ef9df5e
T1636.001,yes,Calendar Entries,"Adversaries may utilize standard operating system APIs to gather calendar entry data. On Android, this can be accomplished using the Calendar Content Provider. On iOS, this can be accomplished using the `EventKit` framework.      If the device has been jailbroken or rooted, an adversary may be able to access [Calendar Entries](https://attack.mitre.org/techniques/T1636/001) without the user’s knowledge or approval.",Android;iOS,collection,"On both Android and iOS, the user can manage which applications have permission to access calendar information through the device settings screen, revoke the permission if necessary. Application vetting services could look for `android.permission.READ_CALENDAR` or `android.permission.WRITE_CALENDAR` in an Android application’s manifest, or `NSCalendarsUsageDescription` in an iOS application’s `Info.plist` file. Most applications do not need calendar access, so extra scrutiny could be applied to those that request it.",,https://attack.mitre.org/techniques/T1636/001,attack-pattern--a9fa0d30-a8ff-45bf-922e-7720da0b7922
T1636.002,yes,Call Log,"Adversaries may utilize standard operating system APIs to gather call log data. On Android, this can be accomplished using the Call Log Content Provider. iOS provides no standard API to access the call log.      If the device has been jailbroken or rooted, an adversary may be able to access the [Call Log](https://attack.mitre.org/techniques/T1636/002) without the user’s knowledge or approval.",Android;iOS,collection,"On Android, the user can manage which applications have permission to access the call log through the device settings screen, revoking the permission if necessary. Application vetting services could look for `android.permission.READ_CALL_LOG` in an Android application’s manifest. Most applications do not need call log access, so extra scrutiny could be applied to those that request it.",,https://attack.mitre.org/techniques/T1636/002,attack-pattern--1d1b1558-c833-482e-aabb-d07ef6eae63d
T1636.003,yes,Contact List,"Adversaries may utilize standard operating system APIs to gather contact list data. On Android, this can be accomplished using the Contacts Content Provider. On iOS, this can be accomplished using the `Contacts` framework.      If the device has been jailbroken or rooted, an adversary may be able to access the [Contact List](https://attack.mitre.org/techniques/T1636/003) without the user’s knowledge or approval.",iOS;Android,collection,"On both Android and iOS, the user can manage which applications have permission to access the contact list through the device settings screen, revoking the permission if necessary. Application vetting services could look for `android.permission.READ_CONTACTS` in an Android application’s manifest, or `NSContactsUsageDescription` in an iOS application’s `Info.plist` file. Most applications do not need contact list access, so extra scrutiny could be applied to those that request it.",,https://attack.mitre.org/techniques/T1636/003,attack-pattern--e0b9ecb8-a7d1-43c7-aa30-8e19c6a92c86
T1636.004,yes,SMS Messages,"Adversaries may utilize standard operating system APIs to gather SMS messages. On Android, this can be accomplished using the SMS Content Provider. iOS provides no standard API to access SMS messages.   If the device has been jailbroken or rooted, an adversary may be able to access [SMS Messages](https://attack.mitre.org/techniques/T1636/004) without the user’s knowledge or approval.",Android;iOS,collection,"On Android, the user can manage which applications have permission to access SMS messages through the device settings screen, revoking the permission if necessary. Application vetting services could look for `android.permission.READ_SMS` in an Android application’s manifest. Most applications do not need access to SMS messages, so extra scrutiny could be applied to those that request it.",,https://attack.mitre.org/techniques/T1636/004,attack-pattern--c6421411-ae61-42bb-9098-73fddb315002
T1637,no,Dynamic Resolution,"Adversaries may dynamically establish connections to command and control infrastructure to evade common detections and remediations. This may be achieved by using malware that shares a common algorithm with the infrastructure the adversary uses to receive the malware's communications. This algorithm can be used to dynamically adjust parameters such as the domain name, IP address, or port number the malware uses for command and control.",Android;iOS,command-and-control,"Detecting dynamically generated domains can be challenging due to the number of different Domain Generation Algorithms (DGAs), constantly evolving malware families, and the increasing complexity of the algorithms. There are a myriad of approaches for detecting a pseudo-randomly generated domain name, including using frequency analysis, Markov chains, entropy, proportion of dictionary words, ratio of vowels to other characters, and more.(Citation: Data Driven Security DGA) Content delivery network (CDN) domains may trigger these detections due to the format of their domain names. In addition to detecting a DGA domain based on the name, a more general approach for detecting a suspicious domain is to check for recently registered names or rarely visited domains.",,https://attack.mitre.org/techniques/T1637,attack-pattern--2ccc3d39-9598-4d32-9657-42e1c7095d26
T1637.001,yes,Domain Generation Algorithms,"Adversaries may use [Domain Generation Algorithms](https://attack.mitre.org/techniques/T1637/001) (DGAs) to procedurally generate domain names for uses such as command and control communication   or malicious application distribution.(Citation: securelist rotexy 2018)  DGAs increase the difficulty for defenders to block, track, or take over the command and control channel, as there could potentially be thousands of domains that malware can check for instructions.",Android;iOS,command-and-control,"Detecting dynamically generated domains can be challenging due to the number of different DGA algorithms, constantly evolving malware families, and the increasing complexity of the algorithms. There are a myriad of approaches for detecting a pseudo-randomly generated domain name, including using frequency analysis, Markov chains, entropy, proportion of dictionary words, ratio of vowels to other characters, and more.(Citation: Data Driven Security DGA) CDN domains may trigger these detections due to the format of their domain names. In addition to detecting a DGA domain based on the name, a more general approach for detecting a suspicious domain is to check for recently registered names",,https://attack.mitre.org/techniques/T1637/001,attack-pattern--fd211238-f767-4599-8c0d-9dca36624626
T1638,no,Adversary-in-the-Middle,"Adversaries may attempt to position themselves between two or more networked devices to support follow-on behaviors such as [Transmitted Data Manipulation](https://attack.mitre.org/techniques/T1565/002) or [Endpoint Denial of Service](https://attack.mitre.org/techniques/T1642).       [Adversary-in-the-Middle](https://attack.mitre.org/techniques/T1638) can be achieved through several mechanisms. For example, a malicious application may register itself as a VPN client, effectively redirecting device traffic to adversary-owned resources. Registering as a VPN client requires user consent on both Android and iOS; additionally, a special entitlement granted by Apple is needed for iOS devices. Alternatively, a malicious application with escalation privileges may utilize those privileges to gain access to network traffic.       Specific to Android devices, adversary-in-the-disk is a type of AiTM attack where adversaries monitor and manipulate data that is exchanged between applications and external storage.(Citation: mitd_kaspersky)(Citation: mitd_checkpoint)(Citation: mitd_checkpoint_research) To accomplish this, a malicious application firsts requests for access to multimedia files on the device (`READ_EXTERNAL STORAGE` and `WRITE_EXTERNAL_STORAGE`), then the application reads data on the device and/or writes malware to the device. Though the request for access is common, when used maliciously, adversaries may access files and other sensitive data due to abusing the permission. Multiple applications were shown to be vulnerable against this attack; however, scrutiny of permissions and input validations may mitigate this attack.      Outside of a mobile device, adversaries may be able to capture traffic by employing a rogue base station or Wi-Fi access point. These devices will allow adversaries to capture network traffic after it has left the device, while it is flowing to its destination. On a local network, enterprise techniques could be used, such as [ARP Cache Poisoning](https://attack.mitre.org/techniques/T1557/002) or [DHCP Spoofing](https://attack.mitre.org/techniques/T1557/003).       If applications properly encrypt their network traffic, sensitive data may not be accessible to adversaries, depending on the point of capture. For example, properly implementing Apple’s Application Transport Security (ATS) and Android’s Network Security Configuration (NSC) may prevent sensitive data leaks.(Citation: NSC_Android)",Android;iOS,collection,"Application vetting services should look for applications that request VPN access. These applications should be heavily scrutinized since VPN functionality is not very common. Mobile security products can potentially detect rogue Wi-Fi access points if the adversary is attempting to decrypt traffic using an untrusted SSL certificate.      On both Android and iOS, users must grant consent to an application to act as a VPN. Both platforms also provide visual context to the user in the top status bar when a VPN connection is active. Users can see registered VPN services in the device settings.",,https://attack.mitre.org/techniques/T1638,attack-pattern--08e22979-d320-48ed-8711-e7bf94aabb13
T1639,no,Exfiltration Over Alternative Protocol,"Adversaries may steal data by exfiltrating it over a different protocol than that of the existing command and control channel. The data may also be sent to an alternate network location from the main command and control server.   Alternate protocols include FTP, SMTP, HTTP/S, DNS, SMB, or any other network protocol not being used as the main command and control channel. Different protocol channels could also include Web services such as cloud storage. Adversaries may opt to also encrypt and/or obfuscate these alternate channels.",Android;iOS,exfiltration,"[Exfiltration Over Alternative Protocol](https://attack.mitre.org/techniques/T1639)s can be difficult to detect, and therefore enterprises may be better served focusing on detection at other stages of adversarial behavior.",,https://attack.mitre.org/techniques/T1639,attack-pattern--3e091a89-a493-4a6c-8e88-d57be19bb98d
T1639.001,yes,Exfiltration Over Unencrypted Non-C2 Protocol,"Adversaries may steal data by exfiltrating it over an un-encrypted network protocol other than that of the existing command and control channel. The data may also be sent to an alternate network location from the main command and control server.  Adversaries may opt to obfuscate this data, without the use of encryption, within network protocols that are natively unencrypted (such as HTTP, FTP, or DNS). Adversaries may employ custom or publicly available encoding/compression algorithms (such as base64) or embed data within protocol headers and fields.",Android;iOS,exfiltration,"[Exfiltration Over Unencrypted Non-C2 Protocol](https://attack.mitre.org/techniques/T1639/001)s can be difficult to detect, and therefore enterprises may be better served focusing on detection at other stages of adversarial behavior.",,https://attack.mitre.org/techniques/T1639/001,attack-pattern--37047267-3e56-453c-833e-d92b68118120
T1640,no,Account Access Removal,"Adversaries may interrupt availability of system and network resources by inhibiting access to accounts utilized by legitimate users. Accounts may be deleted, locked, or manipulated (ex: credentials changed) to remove access to accounts.",Android,impact,Application vetting services could closely scrutinize applications that request Device Administrator permissions.,,https://attack.mitre.org/techniques/T1640,attack-pattern--e2c2249a-eb82-4614-8dd4-9c514dde65e2
T1641,no,Data Manipulation,"Adversaries may insert, delete, or alter data in order to manipulate external outcomes or hide activity. By manipulating data, adversaries may attempt to affect a business process, organizational understanding, or decision making.  The type of modification and the impact it will have depends on the target application, process, and the goals and objectives of the adversary. For complex systems, an adversary would likely need special expertise and possibly access to specialized software related to the system, typically gained through a prolonged information gathering campaign, in order to have the desired impact.",Android,impact,Application vetting services could look for use of standard APIs (e.g. the clipboard API) that could indicate data manipulation is occurring.,,https://attack.mitre.org/techniques/T1641,attack-pattern--c548d8c4-a0a3-4a24-bb79-2a84abbc7b36
T1641.001,yes,Transmitted Data Manipulation,"Adversaries may alter data en route to storage or other systems in order to manipulate external outcomes or hide activity. By manipulating transmitted data, adversaries may attempt to affect a business process, organizational understanding, or decision making.  Manipulation may be possible over a network connection or between system processes where there is an opportunity to deploy a tool that will intercept and change information. The type of modification and the impact it will have depends on the target transmission mechanism as well as the goals and objectives of the adversary. For complex systems, an adversary would likely need special expertise and possibly access to specialized software related to the system, typically gained through a prolonged information gathering campaign, in order to have the desired impact.  One method to achieve [Transmitted Data Manipulation](https://attack.mitre.org/techniques/T1641/001) is by modifying the contents of the device clipboard. Malicious applications may monitor clipboard activity through the `ClipboardManager.OnPrimaryClipChangedListener` interface on Android to determine when clipboard contents have changed. Listening to clipboard activity, reading clipboard contents, and modifying clipboard contents requires no explicit application permissions and can be performed by applications running in the background. However, this behavior has changed with the release of Android 10.  Adversaries may use [Transmitted Data Manipulation](https://attack.mitre.org/techniques/T1641/001) to replace text prior to being pasted. For example, replacing a copied Bitcoin wallet address with a wallet address that is under adversarial control.  [Transmitted Data Manipulation](https://attack.mitre.org/techniques/T1641/001) was seen within the Android/Clipper.C trojan. This sample was detected by ESET in an application distributed through the Google Play Store targeting cryptocurrency wallet numbers.(Citation: ESET Clipboard Modification February 2019)",Android,impact,Applications could be vetted for their use of the clipboard manager APIs with extra scrutiny given to application that make use of them.,,https://attack.mitre.org/techniques/T1641/001,attack-pattern--74e6003f-c7f4-4047-983b-708cc19b96b6
T1642,no,Endpoint Denial of Service,"Adversaries may perform Endpoint Denial of Service (DoS) attacks to degrade or block the availability of services to users.  On Android versions prior to 7, apps can abuse Device Administrator access to reset the device lock passcode, preventing the user from unlocking the device. After Android 7, only device or profile owners (e.g. MDMs) can reset the device’s passcode.(Citation: Android resetPassword)  On iOS devices, this technique does not work because mobile device management servers can only remove the screen lock passcode; they cannot set a new passcode. However, on jailbroken devices, malware has been discovered that can lock the user out of the device.(Citation: Xiao-KeyRaider)",Android;iOS,impact,"On Android, users can review which applications have Device Administrator access in the device settings and revoke permission where appropriate. Application vetting services can detect and closely scrutinize applications that utilize Device Administrator access.",,https://attack.mitre.org/techniques/T1642,attack-pattern--eb6cf439-1bcb-4d10-bc68-1eed844ed7b3
T1643,no,Generate Traffic from Victim,"Adversaries may generate outbound traffic from devices. This is typically performed to manipulate external outcomes, such as to achieve carrier billing fraud or to manipulate app store rankings or ratings. Outbound traffic is typically generated as SMS messages or general web traffic, but may take other forms as well.  If done via SMS messages, Android apps must hold the `SEND_SMS` permission. Additionally, sending an SMS message requires user consent if the recipient is a premium number. Applications cannot send SMS messages on iOS",Android;iOS,impact,"On Android, users can review which applications can use premium SMS features in the “Special access” page within application settings. Application vetting services can detect when applications request the `SEND_SMS` permission, which should be infrequently used.",,https://attack.mitre.org/techniques/T1643,attack-pattern--a8e971b8-8dc7-4514-8249-ae95427ec467
T1644,no,Out of Band Data,"Adversaries may communicate with compromised devices using out of band data streams. This could be done for a variety of reasons, including evading network traffic monitoring, as a backup method of command and control, or for data exfiltration if the device is not connected to any Internet-providing networks (i.e. cellular or Wi-Fi). Several out of band data streams exist, such as SMS messages, NFC, and Bluetooth.      On Android, applications can read push notifications to capture content from SMS messages, or other out of band data streams. This requires that the user manually grant notification access to the application via the settings menu. However, the application could launch an Intent to take the user directly there.      On iOS, there is no way to programmatically read push notifications.",Android;iOS,command-and-control,"If a user sees a notification with text they do not recognize, they should review their list of installed applications.",,https://attack.mitre.org/techniques/T1644,attack-pattern--ec4c4baa-026f-43e8-8f56-58c36f3162dd
T1645,no,Compromise Client Software Binary,"Adversaries may modify system software binaries to establish persistent access to devices. System software binaries are used by the underlying operating system and users over adb or terminal emulators.   Adversaries may make modifications to client software binaries to carry out malicious tasks when those binaries are executed. For example, malware may come with a pre-compiled malicious binary intended to overwrite the genuine one on the device. Since these binaries may be routinely executed by the system or user, the adversary can leverage this for persistent access to the device.",Android;iOS,persistence,"Verified Boot can detect unauthorized modifications to the system partition.(Citation: Android-VerifiedBoot) Android’s SafetyNet API provides remote attestation capabilities, which could potentially be used to identify and respond to compromised devices. Samsung Knox provides a similar remote attestation capability on supported Samsung devices. Application vetting services could detect applications trying to modify files in protected parts of the operating system.",,https://attack.mitre.org/techniques/T1645,attack-pattern--4f14e30b-8b57-4a7b-9093-2c0778ea99cf
T1646,no,Exfiltration Over C2 Channel,Adversaries may steal data by exfiltrating it over an existing command and control channel. Stolen data is encoded into the normal communications channel using the same protocol as command and control communications.,Android;iOS,exfiltration,"[Exfiltration Over C2 Channel](https://attack.mitre.org/techniques/T1646) can be difficult to detect, and therefore enterprises may be better served focusing on detection at other stages of adversarial behavior.",,https://attack.mitre.org/techniques/T1646,attack-pattern--32063d7f-0a39-440d-a4a3-2694488f96cc
T1655,no,Masquerading,"Adversaries may attempt to manipulate features of their artifacts to make them appear legitimate or benign to users and/or security tools. Masquerading occurs when the name, location, or appearance of an object, legitimate or malicious, is manipulated or abused for the sake of evading defenses and observation. This may include manipulating file metadata, tricking users into misidentifying the file type, and giving legitimate task or service names.  Renaming abusable system utilities to evade security monitoring is also a form of [Masquerading](https://attack.mitre.org/techniques/T1655)",Android;iOS,defense-evasion,,,https://attack.mitre.org/techniques/T1655,attack-pattern--f856eaab-e84a-4265-a8a2-7bf37e5dc2fc
T1655.001,yes,Match Legitimate Name or Location,"Adversaries may match or approximate the name or location of legitimate files or resources when naming/placing them. This is done for the sake of evading defenses and observation. This may be done by giving artifacts the name and icon of a legitimate, trusted application (i.e., Settings), or using a package name that matches legitimate, trusted applications (i.e., `com.google.android.gm`).   Adversaries may also use the same icon of the file or application they are trying to mimic.",Android;iOS,defense-evasion,,,https://attack.mitre.org/techniques/T1655/001,attack-pattern--114fed8b-7eed-4136-8b9c-411c5c7fff4b
T1658,no,Exploitation for Client Execution,"Adversaries may exploit software vulnerabilities in client applications to execute code. Vulnerabilities can exist in software due to insecure coding practices that can lead to unanticipated behavior. Adversaries may take advantage of certain vulnerabilities through targeted exploitation for the purpose of arbitrary code execution. Oftentimes the most valuable exploits to an offensive toolkit are those that can be used to obtain code execution on a remote system because they can be used to gain access to that system. Users will expect to see files related to the applications they commonly used to do work, so they are a useful target for exploit research and development because of their high utility.   Adversaries may use device-based zero-click exploits for code execution. These exploits are powerful because there is no user interaction required for code execution.   ### SMS/iMessage Delivery    SMS and iMessage in iOS are common targets through [Drive-By Compromise](https://attack.mitre.org/techniques/T1456), [Phishing](https://attack.mitre.org/techniques/T1660), etc. Adversaries may use embed malicious links, files, etc. in SMS messages or iMessages. Mobile devices may be compromised through one-click exploits, where the victim must interact with a text message, or zero-click exploits, where no user interaction is required.   ### AirDrop   Unique to iOS, AirDrop is a network protocol that allows iOS users to transfer files between iOS devices. Before patches from Apple were released, on iOS 13.4 and earlier, adversaries may force the Apple Wireless Direct Link (AWDL) interface to activate, then exploit a buffer overflow to gain access to the device and run as root without interaction from the user.",Android;iOS,execution,,,https://attack.mitre.org/techniques/T1658,attack-pattern--5abfc5e6-3c56-49e7-ad72-502d01acf28b
T1660,no,Phishing,"Adversaries may send malicious content to users in order to gain access to their mobile devices. All forms of phishing are electronically delivered social engineering. Adversaries can conduct both non-targeted phishing, such as in mass malware spam campaigns, as well as more targeted phishing tailored for a specific individual, company, or industry, known as “spearphishing”.  Phishing often involves social engineering techniques, such as posing as a trusted source, as well as evasion techniques, such as removing or manipulating emails or metadata/headers from compromised accounts being abused to send messages.  Mobile phishing may take various forms. For example, adversaries may send emails containing malicious attachments or links, typically to deliver and then execute malicious code on victim devices. Phishing may also be conducted via third-party services, like social media platforms.    Mobile devices are a particularly attractive target for adversaries executing phishing campaigns.  Due to their smaller form factor than traditional desktop endpoints, users may not be able to notice minor differences between genuine and phishing websites. Further, mobile devices have additional sensors and radios that allow adversaries to execute phishing attempts over several different vectors, such as:   - SMS messages: Adversaries may send SMS messages (known as “smishing”) from compromised devices to potential targets to convince the target to, for example, install malware, navigate to a specific website, or enable certain insecure configurations on their device. - Quick Response (QR) Codes: Adversaries may use QR codes (known as “quishing”) to redirect users to a phishing website. For example, an adversary could replace a legitimate public QR Code with one that leads to a different destination, such as a phishing website. A malicious QR code could also be delivered via other means, such as SMS or email. In the latter case, an adversary could utilize a malicious QR code in an email to pivot from the user’s desktop computer to their mobile device. - Phone Calls: Adversaries may call victims (known as “vishing”) to persuade them to perform an action, such as providing login credentials or navigating to a malicious website. This could also be used as a technique to perform the initial access on a mobile device, but then pivot to a computer/other network by having the victim perform an action on a desktop computer.",Android;iOS,initial-access,,,https://attack.mitre.org/techniques/T1660,attack-pattern--defc1257-4db1-4fb3-8ef5-bb77f63146df
T1661,no,Application Versioning,"An adversary may push an update to a previously benign application to add malicious code. This can be accomplished by pushing an initially benign, functional application to a trusted application store, such as the Google Play Store or the Apple App Store. This allows the adversary to establish a trusted userbase that may grant permissions to the application prior to the introduction of malicious code. Then, an application update could be pushed to introduce malicious code.(Citation: android_app_breaking_bad)  This technique could also be accomplished by compromising a developer’s account. This would allow an adversary to take advantage of an existing userbase without having to establish the userbase themselves.",Android;iOS,defense-evasion;initial-access,,,https://attack.mitre.org/techniques/T1661,attack-pattern--28fdd23d-aee3-4afe-bc3f-5f1f52929258
T1662,no,Data Destruction,"Adversaries may destroy data and files on specific devices or in large numbers to interrupt availability to systems, services, and network resources. Data destruction is likely to render stored data irrecoverable by forensic techniques through overwriting files or data on local and remote drives.    To achieve data destruction, adversaries may use the `pm uninstall` command to uninstall packages or the `rm` command to remove specific files. For example, adversaries may first use `pm uninstall` to uninstall non-system apps, and then use `rm (-f) <file(s)>` to delete specific files, further hiding malicious activity.(Citation: rootnik_rooting_tool)(Citation: abuse_native_linux_tools)",Android,impact,,,https://attack.mitre.org/techniques/T1662,attack-pattern--9ef14445-6f35-4ed0-a042-5024f13a9242
T1663,no,Remote Access Software,"Adversaries may use legitimate remote access software, such as `VNC`, `TeamViewer`, `AirDroid`, `AirMirror`, etc., to establish an interactive command and control channel to target mobile devices.    Remote access applications may be installed and used post-compromise as an alternate communication channel for redundant access or as a way to establish an interactive remote session with the target device. They may also be used as a component of malware to establish a reverse connection to an adversary-controlled system or service. Installation of remote access tools may also include persistence.",Android;iOS,command-and-control,,,https://attack.mitre.org/techniques/T1663,attack-pattern--0b761f2b-197a-40f2-b100-8152cb957c0c
T1664,no,Exploitation for Initial Access,"Adversaries may exploit software vulnerabilities to gain initial access to a mobile device.   This can be accomplished in a variety of ways. Vulnerabilities may be present in the applications, the services, the underlying operating system, or the kernel itself. Several well-known mobile device exploits exist, including FORCEDENTRY, StageFright, and BlueBorne. Furthermore, some exploits may be possible to exploit without any user interaction (i.e. zero-click exploits, see [Exploitation for Client Execution](https://attack.mitre.org/techniques/T1658)), making them particularly dangerous. Mobile operating system vendors are typically very quick to patch such critical bugs, ensuring only a small window where they can be exploited.",Android;iOS,initial-access,,,https://attack.mitre.org/techniques/T1664,attack-pattern--6ecbc2eb-e85a-440a-ab68-4d98f8d56fbe
T1670,no,Virtualization Solution,"Adversaries may carry out malicious operations using virtualization solutions to escape from Android sandboxes and to avoid detection. Android uses sandboxes to separate resources and code execution between applications and the operating system.(Citation: Android Application Sandbox) There are a few virtualization solutions available on Android, such as the Android Virtualization Framework (AVF).(Citation: Android AVF Overview)       Through virtualization solutions, adversaries may execute malicious operations without user knowledge. For example, adversaries may mimic a legitimate banking application’s functionalities in a virtual environment, thanks to the virtualization solution, while malicious code captures credentials.",Android,defense-evasion,,,https://attack.mitre.org/techniques/T1670,attack-pattern--8e097ec5-1755-41d6-807c-3882442b818a
